the_geom,id,latitude,statuskey,longitude,address,docks,teststatio,service,stationnam,availdocks,availbikes,lastcomm,loc,address2,created_at,updated_at,neighborhood,borough,cartodb_id
0101000020E6100000381D615AC67E52C0E981C450455C4440,150,40.720874,1,-73.980858,E 2 St & Avenue C,31,false,In Service,E 2 St & Avenue C,19,11,null,,,2015-07-27 20:11:50.798449+00,2015-07-27 20:11:50.798449+00,East Village,Manhattan,15
0101000020E6100000ABD759452D7F52C01FEECD8C3C5D4440,236,40.728419,1,-73.98714,St Marks Pl & 2 Ave,36,false,In Service,St Marks Pl & 2 Ave,6,28,null,,,2015-07-27 20:11:50.798449+00,2015-07-27 20:11:50.798449+00,East Village,Manhattan,39
0101000020E6100000E3797175267F52C0EBB61CDF7F5D4440,237,40.730473,1,-73.986724,E 11 St & 2 Ave,39,false,In Service,E 11 St & 2 Ave,1,38,null,,,2015-07-27 20:11:50.798449+00,2015-07-27 20:11:50.798449+00,East Village,Manhattan,40
0101000020E6100000C73D3FA2727E52C05677D564A15C4440,266,40.723684,1,-73.975748,Avenue D & E 8 St,24,false,In Service,Avenue D & E 8 St,21,3,null,,,2015-07-27 20:11:50.798449+00,2015-07-27 20:11:50.798449+00,East Village,Manhattan,65
0101000020E610000069EEA348687F52C061426252055E4440,285,40.734546,1,-73.990741,Broadway & E 14 St,47,false,In Service,Broadway & E 14 St,9,37,null,,,2015-07-27 20:11:50.798449+00,2015-07-27 20:11:50.798449+00,East Village,Manhattan,79
0101000020E610000004E948AA687F52C08AB839C3795D4440,293,40.730287,1,-73.990765,Lafayette St & E 8 St,55,false,In Service,Lafayette St & E 8 St,24,27,null,,,2015-07-27 20:11:50.798449+00,2015-07-27 20:11:50.798449+00,East Village,Manhattan,83
0101000020E6100000D19D7BA45F7F52C030C0AE95335D4440,300,40.728145,1,-73.990214,Shevchenko Pl & E 6 St,55,false,In Service,Shevchenko Pl & E 6 St,19,32,null,,,2015-07-27 20:11:50.798449+00,2015-07-27 20:11:50.798449+00,East Village,Manhattan,89
0101000020E6100000A89E95B7F47E52C045CD00F16F5C4440,301,40.722174,1,-73.983688,E 2 St & Avenue B,37,false,In Service,E 2 St & Avenue B,17,17,null,,,2015-07-27 20:11:50.798449+00,2015-07-27 20:11:50.798449+00,East Village,Manhattan,90
0101000020E6100000EA95E268967E52C0423219D5435C4440,302,40.720828,1,-73.977932,Avenue D & E 3 St,23,false,In Service,Avenue D & E 3 St,13,8,null,,,2015-07-27 20:11:50.798449+00,2015-07-27 20:11:50.798449+00,East Village,Manhattan,91
0101000020E61000006EC61EADD67E52C00CC8705EBD5C4440,317,40.724537,1,-73.981854,E 6 St & Avenue B,27,false,In Service,E 6 St & Avenue B,10,17,null,,,2015-07-27 20:11:50.798449+00,2015-07-27 20:11:50.798449+00,East Village,Manhattan,106
0101000020E6100000BD1D0E36FE7E52C0DF011D3E615D4440,326,40.729538,1,-73.984267,E 11 St & 1 Ave,27,false,In Service,E 11 St & 1 Ave,6,21,null,,,2015-07-27 20:11:50.798449+00,2015-07-27 20:11:50.798449+00,East Village,Manhattan,115
0101000020E610000072D186AD597E52C0FEECE6F1E65C4440,339,40.725806,1,-73.974225,Avenue D & E 12 St,24,false,In Service,Avenue D & E 12 St,11,12,null,,,2015-07-27 20:11:50.798449+00,2015-07-27 20:11:50.798449+00,East Village,Manhattan,126
0101000020E6100000E608B58DB77E52C0E9B4DCBB8A5C4440,393,40.722992,1,-73.979955,E 5 St & Avenue C,31,false,In Service,E 5 St & Avenue C,25,5,null,,,2015-07-27 20:11:50.798449+00,2015-07-27 20:11:50.798449+00,East Village,Manhattan,175
0101000020E61000008BA1A268927E52C04B353583D35C4440,394,40.725213,1,-73.977688,E 9 St & Avenue C,32,false,In Service,E 9 St & Avenue C,20,9,null,,,2015-07-27 20:11:50.798449+00,2015-07-27 20:11:50.798449+00,East Village,Manhattan,176
0101000020E610000008827C8C677F52C0A8A7C578CD5C4440,403,40.725029,1,-73.990697,E 2 St & 2 Ave,31,false,In Service,E 2 St & 2 Ave,17,14,null,,,2015-07-27 20:11:50.798449+00,2015-07-27 20:11:50.798449+00,East Village,Manhattan,185
0101000020E6100000FAA18704827E52C026EACC6D735C4440,411,40.722281,1,-73.976687,E 6 St & Avenue D,23,false,In Service,E 6 St & Avenue D,16,7,null,,,2015-07-27 20:11:50.798449+00,2015-07-27 20:11:50.798449+00,East Village,Manhattan,193
0101000020E6100000ACB496A6387F52C0F8B5C1F3C15C4440,428,40.724677,1,-73.987834,E 3 St & 1 Ave,31,false,In Service,E 3 St & 1 Ave,21,10,null,,,2015-07-27 20:11:50.798449+00,2015-07-27 20:11:50.798449+00,East Village,Manhattan,207
0101000020E61000008BF62488F67E52C0FD63D46FF45C4440,432,40.726218,1,-73.983799,E 7 St & Avenue A,31,false,In Service,E 7 St & Avenue A,24,7,null,,,2015-07-27 20:11:50.798449+00,2015-07-27 20:11:50.798449+00,East Village,Manhattan,210
0101000020E61000007E4E12ADC17E52C0985FF4BD615D4440,433,40.729554,1,-73.980572,E 13 St & Avenue A,39,false,In Service,E 13 St & Avenue A,19,17,null,,,2015-07-27 20:11:50.798449+00,2015-07-27 20:11:50.798449+00,East Village,Manhattan,211
0101000020E61000005FF760DB147F52C0ACB04BFE275D4440,438,40.727791,1,-73.985649,St Marks Pl & 1 Ave,27,false,In Service,St Marks Pl & 1 Ave,4,23,null,,,2015-07-27 20:11:50.798449+00,2015-07-27 20:11:50.798449+00,East Village,Manhattan,216
0101000020E6100000602BE089587F52C0C9BCCD7EF65C4440,439,40.726281,1,-73.98978,E 4 St & 2 Ave,39,false,In Service,E 4 St & 2 Ave,10,28,null,,,2015-07-27 20:11:50.798449+00,2015-07-27 20:11:50.798449+00,East Village,Manhattan,217
0101000020E610000035830990CF7E52C0D519C66E1B5D4440,445,40.727408,1,-73.98142,E 10 St & Avenue A,42,false,In Service,E 10 St & Avenue A,18,23,null,,,2015-07-27 20:11:50.798449+00,2015-07-27 20:11:50.798449+00,East Village,Manhattan,223
0101000020E610000030565D1B4A7F52C02DCAF487B95D4440,483,40.732233,1,-73.9889,E 12 St & 3 Ave,35,false,In Service,E 12 St & 3 Ave,12,20,null,,,2015-07-27 20:11:50.798449+00,2015-07-27 20:11:50.798449+00,East Village,Manhattan,259
0101000020E61000007E3471E2E07F52C01F861A2E555D4440,161,40.72917,1,-73.998102,LaGuardia Pl & W 3 St,35,false,In Service,LaGuardia Pl & W 3 St,10,23,null,,,2015-07-27 20:11:50.798449+00,2015-07-27 20:11:50.798449+00,Greenwich Village,Manhattan,21
0101000020E6100000A540F5C2E77F52C02AD72F8EBA5D4440,252,40.732264,1,-73.998522,MacDougal St & Washington Sq,33,false,In Service,MacDougal St & Washington Sq,7,24,null,,,2015-07-27 20:11:50.798449+00,2015-07-27 20:11:50.798449+00,Greenwich Village,Manhattan,53
0101000020E61000006C70DA82A67F52C099E1079B225E4440,253,40.735439,3,-73.994539,W 13 St & 5 Ave,7,false,Not In Service,W 13 St & 5 Ave,7,0,null,,,2015-07-27 20:11:50.798449+00,2015-07-27 20:11:50.798449+00,Greenwich Village,Manhattan,54
0101000020E6100000504AE546DF7F52C0563FC1D51E5E4440,254,40.735324,1,-73.998004,W 11 St & 6 Ave,31,false,In Service,W 11 St & 6 Ave,27,4,null,,,2015-07-27 20:11:50.798449+00,2015-07-27 20:11:50.798449+00,Greenwich Village,Manhattan,55
0101000020E6100000897D61B7AF7F52C0AA26F425DD5D4440,280,40.73332,1,-73.995101,E 10 St & 5 Ave,31,false,In Service,E 10 St & 5 Ave,4,25,null,,,2015-07-27 20:11:50.798449+00,2015-07-27 20:11:50.798449+00,Greenwich Village,Manhattan,75
0101000020E6100000964A2FE0B97F52C060F1EE8D805D4440,294,40.730494,1,-73.995721,Washington Square E,31,false,In Service,Washington Square E,22,9,null,,,2015-07-27 20:11:50.798449+00,2015-07-27 20:11:50.798449+00,Greenwich Village,Manhattan,84
0101000020E6100000260B1B6F9E7F52C0EB1D86E2505D4440,335,40.729039,1,-73.994046,Washington Pl & Broadway,27,false,In Service,Washington Pl & Broadway,9,16,null,,,2015-07-27 20:11:50.798449+00,2015-07-27 20:11:50.798449+00,Greenwich Village,Manhattan,123
0101000020E6100000B0870296F07F52C0DD9EDB03805D4440,336,40.730477,1,-73.999061,Sullivan St & Washington Sq,34,false,In Service,Sullivan St & Washington Sq,16,18,null,,,2015-07-27 20:11:50.798449+00,2015-07-27 20:11:50.798449+00,Greenwich Village,Manhattan,124
0101000020E6100000A2357A8ACF7F52C0B727692A455E4440,345,40.736494,1,-73.997044,W 13 St & 6 Ave,35,false,In Service,W 13 St & 6 Ave,17,15,null,,,2015-07-27 20:11:50.798449+00,2015-07-27 20:11:50.798449+00,Greenwich Village,Manhattan,132
0101000020E610000063E5B307767F52C02128D426C65D4440,357,40.732618,1,-73.99158,E 11 St & Broadway,27,false,In Service,E 11 St & Broadway,21,5,null,,,2015-07-27 20:11:50.798449+00,2015-07-27 20:11:50.798449+00,Greenwich Village,Manhattan,144
0101000020E610000004CDF84C048052C03DD402CFB95D4440,369,40.732241,1,-74.000264,Washington Pl & 6 Ave,35,false,In Service,Washington Pl & 6 Ave,26,8,null,,,2015-07-27 20:11:50.798449+00,2015-07-27 20:11:50.798449+00,Greenwich Village,Manhattan,156
0101000020E6100000B8A13F05CE7F52C0260F3555075D4440,375,40.726795,1,-73.996951,Mercer St & Bleecker St,30,false,In Service,Mercer St & Bleecker St,19,7,null,,,2015-07-27 20:11:50.798449+00,2015-07-27 20:11:50.798449+00,Greenwich Village,Manhattan,159
0101000020E61000007CCDDAFC7C7F52C06BC2CAD0115E4440,382,40.734927,1,-73.992005,University Pl & E 14 St,36,false,In Service,University Pl & E 14 St,2,34,null,,,2015-07-27 20:11:50.798449+00,2015-07-27 20:11:50.798449+00,Greenwich Village,Manhattan,164
0101000020E610000091A15B3C9A7F52C0E25D504B1C5D4440,229,40.727434,1,-73.99379,Great Jones St,27,false,In Service,Great Jones St,7,20,null,,,2015-07-27 20:11:50.798449+00,2015-07-27 20:11:50.798449+00,NoHo,Manhattan,36
0101000020E61000001D3E9C0E7C7E52C0E2765E5787574440,83,40.683826,1,-73.976323,Atlantic Ave & Fort Greene Pl,62,false,In Service,Atlantic Ave & Fort Greene Pl,32,29,null,,,2015-07-27 20:11:50.798449+00,2015-07-27 20:11:50.798449+00,Fort Greene,Brooklyn,4
0101000020E61000006D888316987E52C01DF9F32F19594440,119,40.696089,1,-73.978034,Park Ave & St Edwards St,19,false,In Service,Park Ave & St Edwards St,16,3,null,,,2015-07-27 20:11:50.798449+00,2015-07-27 20:11:50.798449+00,Fort Greene,Brooklyn,6
0101000020E6100000062607A0CD7E52C00C43700F92584440,239,40.691966,1,-73.981302,Willoughby St & Fleet St,31,false,In Service,Willoughby St & Fleet St,29,1,null,,,2015-07-27 20:11:50.798449+00,2015-07-27 20:11:50.798449+00,Fort Greene,Brooklyn,42
0101000020E6100000498DD83F657E52C07DB5636F4B584440,241,40.68981,1,-73.974931,DeKalb Ave & S Portland Ave,23,false,In Service,DeKalb Ave & S Portland Ave,17,6,null,,,2015-07-27 20:11:50.798449+00,2015-07-27 20:11:50.798449+00,Fort Greene,Brooklyn,43
0101000020E61000003E4ED7DA4D7E52C01157C8F953594440,242,40.697883,1,-73.973503,Flushing Ave & Carlton Ave,23,false,In Service,Flushing Ave & Carlton Ave,6,13,null,,,2015-07-27 20:11:50.798449+00,2015-07-27 20:11:50.798449+00,Fort Greene,Brooklyn,44
0101000020E6100000E23F614B9F7E52C06091EA6C0F584440,243,40.687979,1,-73.978474,Fulton St & Rockwell Pl,31,false,In Service,Fulton St & Rockwell Pl,11,15,null,,,2015-07-27 20:11:50.798449+00,2015-07-27 20:11:50.798449+00,Fort Greene,Brooklyn,45
0101000020E61000008AB576C7877E52C0A8C28ACEBC584440,245,40.69327,1,-73.977039,Myrtle Ave & St Edwards St,23,false,In Service,Myrtle Ave & St Edwards St,9,14,null,,,2015-07-27 20:11:50.798449+00,2015-07-27 20:11:50.798449+00,Fort Greene,Brooklyn,47
0101000020E6100000134F2591517E52C0141E780D8C584440,262,40.691782,1,-73.97373,Washington Park,24,false,In Service,Washington Park,18,5,null,,,2015-07-27 20:11:50.798449+00,2015-07-27 20:11:50.798449+00,Fort Greene,Brooklyn,61
0101000020E610000098B502C5317E52C08C09C1A8B6584440,270,40.693083,1,-73.971789,Adelphi St & Myrtle Ave,23,false,In Service,Adelphi St & Myrtle Ave,19,3,null,,,2015-07-27 20:11:50.798449+00,2015-07-27 20:11:50.798449+00,Fort Greene,Brooklyn,68
0101000020E6100000208E187B987E52C07DFA7E0AB7574440,271,40.685282,1,-73.978058,Ashland Pl & Hanson Pl,39,false,In Service,Ashland Pl & Hanson Pl,10,28,null,,,2015-07-27 20:11:50.798449+00,2015-07-27 20:11:50.798449+00,Fort Greene,Brooklyn,69
0101000020E6100000F39530EF817E52C0ED970EAEEC574440,274,40.686919,1,-73.976682,Lafayette Ave & Fort Greene Pl,31,false,In Service,Lafayette Ave & Fort Greene Pl,3,26,null,,,2015-07-27 20:11:50.798449+00,2015-07-27 20:11:50.798449+00,Fort Greene,Brooklyn,70
0101000020E610000072BEB6E4C87E52C02D3DC4FA4D584440,324,40.689888,1,-73.981013,DeKalb Ave & Hudson Ave,51,false,In Service,DeKalb Ave & Hudson Ave,15,36,null,,,2015-07-27 20:11:50.798449+00,2015-07-27 20:11:50.798449+00,Fort Greene,Brooklyn,113
0101000020E610000022A183255B7E52C01F6960C6BA574440,353,40.685396,1,-73.974315,S Portland Ave & Hanson Pl,27,false,In Service,S Portland Ave & Hanson Pl,15,12,null,,,2015-07-27 20:11:50.798449+00,2015-07-27 20:11:50.798449+00,Fort Greene,Brooklyn,140
0101000020E61000005327C1B8077E52C06AC5AF3392574440,397,40.684157,1,-73.969223,Fulton St & Clermont Ave,27,false,In Service,Fulton St & Clermont Ave,12,12,null,,,2015-07-27 20:11:50.798449+00,2015-07-27 20:11:50.798449+00,Fort Greene,Brooklyn,179
0101000020E61000002BD86FE73F7E52C06BF17CD800584440,416,40.687534,1,-73.972652,Cumberland St & Lafayette Ave,31,false,In Service,Cumberland St & Lafayette Ave,27,4,null,,,2015-07-27 20:11:50.798449+00,2015-07-27 20:11:50.798449+00,Fort Greene,Brooklyn,197
0101000020E610000022487FB64E7E52C0B44558EF0F594440,419,40.695807,1,-73.973556,Carlton Ave & Park Ave,23,false,In Service,Carlton Ave & Park Ave,19,4,null,,,2015-07-27 20:11:50.798449+00,2015-07-27 20:11:50.798449+00,Fort Greene,Brooklyn,200
0101000020E61000009AD7835C0F7E52C083E9C67904584440,420,40.687645,1,-73.969689,Clermont Ave & Lafayette Ave,23,false,In Service,Clermont Ave & Lafayette Ave,19,4,null,,,2015-07-27 20:11:50.798449+00,2015-07-27 20:11:50.798449+00,Fort Greene,Brooklyn,201
0101000020E6100000998B86B3297E52C0C380638A0D594440,421,40.695734,1,-73.971297,Clermont Ave & Park Ave,19,false,In Service,Clermont Ave & Park Ave,17,2,null,,,2015-07-27 20:11:50.798449+00,2015-07-27 20:11:50.798449+00,Fort Greene,Brooklyn,202
0101000020E6100000C33C8498E77F52C0EDAB48E8455B4440,308,40.713079,1,-73.998512,St James Pl & Oliver St,27,false,In Service,St James Pl & Oliver St,8,18,null,,,2015-07-27 20:11:50.798449+00,2015-07-27 20:11:50.798449+00,Civic Center,Manhattan,97
0101000020E61000006F91012F5C8052C0F26CFC9C745B4440,330,40.714505,1,-74.005628,Reade St & Broadway,39,false,In Service,Reade St & Broadway,3,36,null,,,2015-07-27 20:11:50.798449+00,2015-07-27 20:11:50.798449+00,Civic Center,Manhattan,119
0101000020E61000000A19D164268052C0A3D6D525835B4440,386,40.714948,1,-74.002345,Centre St & Worth St,43,false,In Service,Centre St & Worth St,23,19,null,,,2015-07-27 20:11:50.798449+00,2015-07-27 20:11:50.798449+00,Civic Center,Manhattan,168
0101000020E6100000BADD57764B8052C04D31A28D3A5B4440,387,40.712733,1,-74.004607,Centre St & Chambers St,39,false,In Service,Centre St & Chambers St,6,32,null,,,2015-07-27 20:11:50.798449+00,2015-07-27 20:11:50.798449+00,Civic Center,Manhattan,169
0101000020E6100000C93EFB5C447E52C0885A62C17C614440,137,40.761628,1,-73.972924,E 56 St & Madison Ave,46,false,In Service,E 56 St & Madison Ave,15,27,null,,,2015-07-27 20:11:50.798449+00,2015-07-27 20:11:50.798449+00,Midtown,Manhattan,10
0101000020E61000005ECAAA0AD37E52C063BB8D4E43604440,153,40.752062,1,-73.981632,E 40 St & 5 Ave,55,false,In Service,E 40 St & 5 Ave,35,19,null,,,2015-07-27 20:11:50.798449+00,2015-07-27 20:11:50.798449+00,Midtown,Manhattan,18
0101000020E6100000BE38B4C8197E52C0CE8B169A69604440,164,40.753231,1,-73.970325,E 47 St & 2 Ave,47,false,In Service,E 47 St & 2 Ave,29,18,null,,,2015-07-27 20:11:50.798449+00,2015-07-27 20:11:50.798449+00,Midtown,Manhattan,22
0101000020E6100000F329543D337E52C065F7817F96604440,228,40.754601,1,-73.971879,E 48 St & 3 Ave,55,false,In Service,E 48 St & 3 Ave,37,16,null,,,2015-07-27 20:11:50.798449+00,2015-07-27 20:11:50.798449+00,Midtown,Manhattan,35
0101000020E610000092963CB4357F52C06CD443BF1F604440,267,40.750977,1,-73.987654,Broadway & W 36 St,57,false,In Service,Broadway & W 36 St,28,29,null,,,2015-07-27 20:11:50.798449+00,2015-07-27 20:11:50.798449+00,Midtown,Manhattan,66
0101000020E61000001AC43451517E52C00738467ED7614440,281,40.764397,1,-73.973715,Grand Army Plaza & Central Park S,59,false,In Service,Grand Army Plaza & Central Park S,32,23,null,,,2015-07-27 20:11:50.798449+00,2015-07-27 20:11:50.798449+00,Midtown,Manhattan,76
0101000020E6100000A0856B02BF7D52C0BF32180C4E614440,290,40.760203,1,-73.964785,2 Ave & E 58 St,29,false,In Service,2 Ave & E 58 St,22,7,null,,,2015-07-27 20:11:50.798449+00,2015-07-27 20:11:50.798449+00,Midtown,Manhattan,81
0101000020E6100000D3162750E77D52C04A4553C966614440,305,40.760958,1,-73.967245,E 58 St & 3 Ave,33,false,In Service,E 58 St & 3 Ave,16,8,null,,,2015-07-27 20:11:50.798449+00,2015-07-27 20:11:50.798449+00,Midtown,Manhattan,94
0101000020E610000081676A52977E52C05F978CA368604440,318,40.753202,1,-73.977987,E 43 St & Vanderbilt Ave,31,false,In Service,E 43 St & Vanderbilt Ave,27,1,null,,,2015-07-27 20:11:50.798449+00,2015-07-27 20:11:50.798449+00,Midtown,Manhattan,107
0101000020E6100000D3BFCBD38A7E52C07D076B05B7614440,352,40.763406,1,-73.977225,W 56 St & 6 Ave,36,false,In Service,W 56 St & 6 Ave,7,27,null,,,2015-07-27 20:11:50.798449+00,2015-07-27 20:11:50.798449+00,Midtown,Manhattan,139
0101000020E6100000E064A929667E52C08DC7F5EEA6604440,359,40.755103,1,-73.974987,E 47 St & Park Ave,55,false,In Service,E 47 St & Park Ave,30,22,null,,,2015-07-27 20:11:50.798449+00,2015-07-27 20:11:50.798449+00,Midtown,Manhattan,146
0101000020E6100000BC9DE7C0337F52C0C9BA174C38604440,362,40.751726,1,-73.987535,Broadway & W 37 St,57,false,In Service,Broadway & W 37 St,50,5,null,,,2015-07-27 20:11:50.798449+00,2015-07-27 20:11:50.798449+00,Midtown,Manhattan,149
0101000020E61000009CD2FCD41F7E52C02734C8110F614440,367,40.758281,1,-73.970694,E 53 St & Lexington Ave,34,false,In Service,E 53 St & Lexington Ave,30,4,null,,,2015-07-27 20:11:50.798449+00,2015-07-27 20:11:50.798449+00,Midtown,Manhattan,154
0101000020E610000000D86076D37D52C07E15DFFE04614440,385,40.757973,1,-73.966033,E 55 St & 2 Ave,29,false,In Service,E 55 St & 2 Ave,27,2,null,,,2015-07-27 20:11:50.798449+00,2015-07-27 20:11:50.798449+00,Midtown,Manhattan,167
0101000020E61000004E9BFDC2427E52C0F8AE056E53604440,440,40.752554,1,-73.972826,E 45 St & 3 Ave,32,false,In Service,E 45 St & 3 Ave,25,7,null,,,2015-07-27 20:11:50.798449+00,2015-07-27 20:11:50.798449+00,Midtown,Manhattan,218
0101000020E6100000F589C31EEA7D52C05A19BFCBC4604440,441,40.756014,1,-73.967416,E 52 St & 2 Ave,35,false,In Service,E 52 St & 2 Ave,26,9,null,,,2015-07-27 20:11:50.798449+00,2015-07-27 20:11:50.798449+00,Midtown,Manhattan,219
0101000020E6100000B11806C5D17D52C0F1A4251095604440,454,40.754557,1,-73.96593,E 51 St & 1 Ave,35,false,In Service,E 51 St & 1 Ave,24,9,null,,,2015-07-27 20:11:50.798449+00,2015-07-27 20:11:50.798449+00,Midtown,Manhattan,230
0101000020E61000002F78E1F0047E52C0DD1B446100604440,455,40.75002,1,-73.969053,1 Ave & E 44 St,39,false,In Service,1 Ave & E 44 St,28,10,null,,,2015-07-27 20:11:50.798449+00,2015-07-27 20:11:50.798449+00,Midtown,Manhattan,231
0101000020E6100000495EFB5E567E52C0AD97BFEE3D614440,456,40.759711,1,-73.974023,E 53 St & Madison Ave,35,false,In Service,E 53 St & Madison Ave,26,7,null,,,2015-07-27 20:11:50.798449+00,2015-07-27 20:11:50.798449+00,Midtown,Manhattan,232
0101000020E61000007245340AD47E52C0244624402B624440,457,40.766953,1,-73.981693,Broadway & W 58 St,59,false,In Service,Broadway & W 58 St,5,54,null,,,2015-07-27 20:11:50.798449+00,2015-07-27 20:11:50.798449+00,Midtown,Manhattan,233
0101000020E6100000A19ECC14ED7D52C0ED3747F231614440,464,40.759345,1,-73.967597,E 56 St & 3 Ave,59,false,In Service,E 56 St & 3 Ave,42,16,null,,,2015-07-27 20:11:50.798449+00,2015-07-27 20:11:50.798449+00,Midtown,Manhattan,240
0101000020E6100000DB9B1ACFD77E52C02C861AF2F3614440,468,40.765265,1,-73.981923,Broadway & W 55 St,59,false,In Service,Broadway & W 55 St,44,15,null,,,2015-07-27 20:11:50.798449+00,2015-07-27 20:11:50.798449+00,Midtown,Manhattan,244
0101000020E61000000722023AE47E52C0D93C6826B8614440,469,40.763441,1,-73.982681,Broadway & W 53 St,57,false,In Service,Broadway & W 53 St,38,18,null,,,2015-07-27 20:11:50.798449+00,2015-07-27 20:11:50.798449+00,Midtown,Manhattan,245
0101000020E61000007DC89637D87E52C068BB2A39735F4440,472,40.745712,1,-73.981948,E 32 St & Park Ave,41,false,In Service,E 32 St & Park Ave,28,12,null,,,2015-07-27 20:11:50.798449+00,2015-07-27 20:11:50.798449+00,Midtown,Manhattan,248
0101000020E6100000CE1E3036287F52C01D3B6962615F4440,474,40.745168,1,-73.986831,5 Ave & E 29 St,47,false,In Service,5 Ave & E 29 St,36,7,null,,,2015-07-27 20:11:50.798449+00,2015-07-27 20:11:50.798449+00,Midtown,Manhattan,250
0101000020E61000007F7266A9BA7E52C027AC02A7A3604440,484,40.755003,1,-73.980144,W 44 St & 5 Ave,44,false,In Service,W 44 St & 5 Ave,19,22,null,,,2015-07-27 20:11:50.798449+00,2015-07-27 20:11:50.798449+00,Midtown,Manhattan,260
0101000020E61000009B750DD6EF7E52C06712192F0C604440,485,40.75038,1,-73.98339,W 37 St & 5 Ave,39,false,In Service,W 37 St & 5 Ave,36,3,null,,,2015-07-27 20:11:50.798449+00,2015-07-27 20:11:50.798449+00,Midtown,Manhattan,261
0101000020E6100000CFC47B7F447F52C01708853D835F4440,486,40.746201,1,-73.988557,Broadway & W 29 St,39,false,In Service,Broadway & W 29 St,38,0,null,,,2015-07-27 20:11:50.798449+00,2015-07-27 20:11:50.798449+00,Midtown,Manhattan,262
0101000020E6100000DDBB48BF3C7F52C0A3519E2BD05F4440,498,40.748549,1,-73.988084,Broadway & W 32 St,30,false,In Service,Broadway & W 32 St,23,7,null,,,2015-07-27 20:11:50.798449+00,2015-07-27 20:11:50.798449+00,Midtown,Manhattan,274
0101000020E6100000C3594121F17D52C045C1818343604440,516,40.752069,1,-73.967844,E 47 St & 1 Ave,39,false,In Service,E 47 St & 1 Ave,29,7,null,,,2015-07-27 20:11:50.798449+00,2015-07-27 20:11:50.798449+00,Midtown,Manhattan,291
0101000020E6100000C19090B57E7E52C0D8AC9FDF44614440,520,40.759923,1,-73.976485,W 52 St & 5 Ave,39,false,In Service,W 52 St & 5 Ave,15,23,null,,,2015-07-27 20:11:50.798449+00,2015-07-27 20:11:50.798449+00,Midtown,Manhattan,295
0101000020E6100000BFCA1C82367E52C0C07CE7F0E9604440,522,40.757148,1,-73.972078,E 51 St & Lexington Ave,51,false,In Service,E 51 St & Lexington Ave,46,5,null,,,2015-07-27 20:11:50.798449+00,2015-07-27 20:11:50.798449+00,Midtown,Manhattan,297
0101000020E6100000C08A68C5727F52C0943D289F98604440,523,40.754666,1,-73.991382,W 38 St & 8 Ave,51,false,In Service,W 38 St & 8 Ave,48,2,null,,,2015-07-27 20:11:50.798449+00,2015-07-27 20:11:50.798449+00,Midtown,Manhattan,298
0101000020E61000005EAB1F39EC7E52C0B9896184AC604440,524,40.755273,3,-73.983169,W 43 St & 6 Ave,7,false,Not In Service,W 43 St & 6 Ave,7,0,null,,,2015-07-27 20:11:50.798449+00,2015-07-27 20:11:50.798449+00,Midtown,Manhattan,299
0101000020E610000009799BB1087F52C0235EE308B35F4440,526,40.747659,1,-73.984907,E 33 St & 5 Ave,40,false,In Service,E 33 St & 5 Ave,38,1,null,,,2015-07-27 20:11:50.798449+00,2015-07-27 20:11:50.798449+00,Midtown,Manhattan,301
0101000020E6100000320DC1862E7F52C099AD60EA61604440,533,40.752996,1,-73.987216,Broadway & W 39 St,50,false,In Service,Broadway & W 39 St,47,2,null,,,2015-07-27 20:11:50.798449+00,2015-07-27 20:11:50.798449+00,Midtown,Manhattan,307
0101000020E6100000EE43EE80957E52C08A2CE55004614440,538,40.757952,1,-73.977876,W 49 St & 5 Ave,39,false,In Service,W 49 St & 5 Ave,23,12,null,,,2015-07-27 20:11:50.798449+00,2015-07-27 20:11:50.798449+00,Midtown,Manhattan,311
0101000020E6100000B0DACB06EA7E52C088B847D7495F4440,546,40.744449,1,-73.983035,E 30 St & Park Ave S,38,false,In Service,E 30 St & Park Ave S,25,13,null,,,2015-07-27 20:11:50.798449+00,2015-07-27 20:11:50.798449+00,Midtown,Manhattan,315
0101000020E610000089615059287E52C0F0B20B1107604440,2017,40.750224,1,-73.971214,E 43 St & 2 Ave,39,false,In Service,E 43 St & 2 Ave,35,3,null,,,2015-07-27 20:11:50.798449+00,2015-07-27 20:11:50.798449+00,Midtown,Manhattan,327
0101000020E610000080096D98197E52C0BA3082F33C614440,2023,40.759681,1,-73.970314,E 55 St & Lexington Ave,36,false,In Service,E 55 St & Lexington Ave,20,14,null,,,2015-07-27 20:11:50.798449+00,2015-07-27 20:11:50.798449+00,Midtown,Manhattan,330
0101000020E6100000F3889D1DA77E52C02DCCB25D70574440,467,40.683125,1,-73.978951,Dean St & 4 Ave,34,false,In Service,Dean St & 4 Ave,5,25,null,,,2015-07-27 20:11:50.798449+00,2015-07-27 20:11:50.798449+00,Park Slope,Brooklyn,243
0101000020E6100000F75153D2007F52C0DF33679A5C614440,173,40.760647,1,-73.984427,Broadway & W 49 St,51,false,In Service,Broadway & W 49 St,31,20,null,,,2015-07-27 20:11:50.798449+00,2015-07-27 20:11:50.798449+00,Theater District,Manhattan,25
0101000020E6100000D0EAB81B247F52C0EDD9F202A8604440,465,40.755136,1,-73.98658,Broadway & W 41 St,39,false,In Service,Broadway & W 41 St,29,9,null,,,2015-07-27 20:11:50.798449+00,2015-07-27 20:11:50.798449+00,Theater District,Manhattan,241
0101000020E61000003520C9905C7F52C06189B99FD1604440,477,40.756405,1,-73.990026,W 41 St & 8 Ave,59,false,In Service,W 41 St & 8 Ave,37,20,null,,,2015-07-27 20:11:50.798449+00,2015-07-27 20:11:50.798449+00,Theater District,Manhattan,253
0101000020E6100000D9CDB4FFE77E52C0E2D4088EDE604440,493,40.7568,1,-73.982912,W 45 St & 6 Ave,34,false,In Service,W 45 St & 6 Ave,1,26,null,,,2015-07-27 20:11:50.798449+00,2015-07-27 20:11:50.798449+00,Theater District,Manhattan,269
0101000020E6100000203C6660EF7E52C0866A0C6492614440,500,40.762288,1,-73.983362,Broadway & W 51 St,52,false,In Service,Broadway & W 51 St,13,39,null,,,2015-07-27 20:11:50.798449+00,2015-07-27 20:11:50.798449+00,Theater District,Manhattan,276
0101000020E6100000EC19722FBF7E52C0BEE8B2065D614440,510,40.76066,1,-73.98042,W 51 St & 6 Ave,51,false,In Service,W 51 St & 6 Ave,34,16,null,,,2015-07-27 20:11:50.798449+00,2015-07-27 20:11:50.798449+00,Theater District,Manhattan,285
0101000020E6100000AF12F701B37E52C02332DBD7E9574440,298,40.686832,1,-73.979677,3 Ave & Schermerhorn St,35,false,In Service,3 Ave & Schermerhorn St,14,20,null,,,2015-07-27 20:11:50.798449+00,2015-07-27 20:11:50.798449+00,Boerum Hill,Brooklyn,88
0101000020E6100000954D4ADC4D7F52C0D7ACBEB539584440,310,40.689269,1,-73.989129,State St & Smith St,36,false,In Service,State St & Smith St,2,30,null,,,2015-07-27 20:11:50.798449+00,2015-07-27 20:11:50.798449+00,Boerum Hill,Brooklyn,99
0101000020E6100000718B3E93FB7E52C0C063886812584440,395,40.68807,1,-73.984106,Bond St & Schermerhorn St,30,false,In Service,Bond St & Schermerhorn St,27,1,null,,,2015-07-27 20:11:50.798449+00,2015-07-27 20:11:50.798449+00,Boerum Hill,Brooklyn,177
0101000020E610000030360D5B7C7E52C01567070C09624440,2006,40.765909,1,-73.976342,Central Park S & 6 Ave,49,false,In Service,Central Park S & 6 Ave,28,19,null,,STX 287,2015-07-27 20:11:50.798449+00,2015-07-27 20:11:50.798449+00,Central Park,Manhattan,322
0101000020E6100000A55FE1AF028052C0953FFD7B075B4440,82,40.711174,1,-74.000165,St James Pl & Pearl St,27,false,In Service,St James Pl & Pearl St,17,9,null,,,2015-07-27 20:11:50.798449+00,2015-07-27 20:11:50.798449+00,Two Bridges,Manhattan,3
0101000020E61000007C7BCFBC9D7F52C08964E3FCF95A4440,408,40.710762,1,-73.994004,Market St & Cherry St,23,false,In Service,Market St & Cherry St,14,9,null,,,2015-07-27 20:11:50.798449+00,2015-07-27 20:11:50.798449+00,Two Bridges,Manhattan,190
0101000020E6100000FD6503FACB7F52C0CD4A567E075B4440,2009,40.711174,1,-73.996826,Catherine St & Monroe St,33,false,In Service,Catherine St & Monroe St,13,20,null,,,2015-07-27 20:11:50.798449+00,2015-07-27 20:11:50.798449+00,Two Bridges,Manhattan,324
0101000020E6100000925C51AE0F8152C04C4CF8EB8F5B4440,327,40.715338,1,-74.016584,Vesey Pl & River Terrace,39,false,In Service,Vesey Pl & River Terrace,9,27,null,,,2015-07-27 20:11:50.798449+00,2015-07-27 20:11:50.798449+00,Battery Park City,Manhattan,116
0101000020E61000004EBC00B5188152C09BE5E4D7AA5A4440,363,40.708347,1,-74.017134,West Thames St,49,false,In Service,West Thames St,40,9,null,,,2015-07-27 20:11:50.798449+00,2015-07-27 20:11:50.798449+00,Battery Park City,Manhattan,150
0101000020E610000052AE8195D88052C08ADE7A5AD85B4440,426,40.717548,1,-74.013221,West St & Chambers St,31,false,In Service,West St & Chambers St,3,26,null,,,2015-07-27 20:11:50.798449+00,2015-07-27 20:11:50.798449+00,Battery Park City,Manhattan,205
0101000020E610000076F41ED9128152C0147ED7DC535A4440,2008,40.705693,1,-74.016777,Little West St & 1 Pl,24,false,In Service,Little West St & 1 Pl,15,5,null,,,2015-07-27 20:11:50.798449+00,2015-07-27 20:11:50.798449+00,Battery Park City,Manhattan,323
0101000020E61000000B965D1F028152C01828008E125B4440,3002,40.711512,1,-74.015756,South End Ave & Liberty St,25,false,In Service,South End Ave & Liberty St,19,4,null,,,2015-07-27 20:11:50.798449+00,2015-07-27 20:11:50.798449+00,Battery Park City,Manhattan,331
0101000020E61000000A3EFBD8647D52C0039DB8BDE7574440,120,40.686768,1,-73.959282,Lexington Ave & Classon Ave,19,false,In Service,Lexington Ave & Classon Ave,13,6,null,,,2015-07-27 20:11:50.798449+00,2015-07-27 20:11:50.798449+00,Bedford-Stuyvesant,Brooklyn,7
0101000020E6100000F2BB02225D7D52C03D0CE4A99F574440,289,40.684568,1,-73.958811,Monroe St & Classon Ave,19,false,In Service,Monroe St & Classon Ave,12,7,null,,,2015-07-27 20:11:50.798449+00,2015-07-27 20:11:50.798449+00,Bedford-Stuyvesant,Brooklyn,80
0101000020E6100000F8C5122F0B7D52C0B302BA89B2574440,344,40.685144,1,-73.953809,Monroe St & Bedford Ave,23,false,In Service,Monroe St & Bedford Ave,13,8,null,,,2015-07-27 20:11:50.798449+00,2015-07-27 20:11:50.798449+00,Bedford-Stuyvesant,Brooklyn,131
0101000020E610000019C0844E517D52C018B0E405E6584440,372,40.694528,1,-73.958089,Franklin Ave & Myrtle Ave,27,false,In Service,Franklin Ave & Myrtle Ave,2,24,null,,,2015-07-27 20:11:50.798449+00,2015-07-27 20:11:50.798449+00,Bedford-Stuyvesant,Brooklyn,157
0101000020E61000004EC3D45C0B7D52C0CFC6A158BE584440,373,40.693317,1,-73.95382,Willoughby Ave & Walworth St,19,false,In Service,Willoughby Ave & Walworth St,4,14,null,,,2015-07-27 20:11:50.798449+00,2015-07-27 20:11:50.798449+00,Bedford-Stuyvesant,Brooklyn,158
0101000020E610000017277C4B2B7D52C0E1D7AB3015574440,396,40.680342,1,-73.955769,Lefferts Pl & Franklin Ave,25,false,In Service,Lefferts Pl & Franklin Ave,4,20,null,Bedford-Stuyvesant,,2015-07-27 20:11:50.798449+00,2015-07-27 20:11:50.798449+00,Bedford-Stuyvesant,Brooklyn,178
0101000020E610000029CAA824367D52C02BDEAEEE66584440,409,40.690649,1,-73.956431,DeKalb Ave & Skillman St,19,false,In Service,DeKalb Ave & Skillman St,13,6,null,,,2015-07-27 20:11:50.798449+00,2015-07-27 20:11:50.798449+00,Bedford-Stuyvesant,Brooklyn,191
0101000020E6100000C0652A270E7D52C0CCA2EBEE50574440,436,40.682166,1,-73.95399,Hancock St & Bedford Ave,27,false,In Service,Hancock St & Bedford Ave,22,4,null,,,2015-07-27 20:11:50.798449+00,2015-07-27 20:11:50.798449+00,Bedford-Stuyvesant,Brooklyn,214
0101000020E610000057820890CD7C52C0A26A73312A574440,437,40.680983,1,-73.950048,Macon St & Nostrand Ave,27,false,In Service,Macon St & Nostrand Ave,21,6,null,,,2015-07-27 20:11:50.798449+00,2015-07-27 20:11:50.798449+00,Bedford-Stuyvesant,Brooklyn,215
0101000020E610000007959595C47F52C072C85CE3CF5B4440,263,40.71729,1,-73.996375,Elizabeth St & Hester St,31,false,In Service,Elizabeth St & Hester St,8,22,null,,,2015-07-27 20:11:50.798449+00,2015-07-27 20:11:50.798449+00,Chinatown,Manhattan,62
0101000020E61000006D2D6C4A8C7F52C0DB691D44665B4440,295,40.714067,1,-73.992939,Pike St & E Broadway,24,false,In Service,Pike St & E Broadway,13,7,null,,,2015-07-27 20:11:50.798449+00,2015-07-27 20:11:50.798449+00,Chinatown,Manhattan,85
0101000020E610000066505197CF7F52C08518D55E685B4440,296,40.714131,1,-73.997047,Division St & Bowery,35,false,In Service,Division St & Bowery,11,22,null,,,2015-07-27 20:11:50.798449+00,2015-07-27 20:11:50.798449+00,Chinatown,Manhattan,86
0101000020E6100000581004C7FB7F52C04E5EBB4FA65B4440,355,40.716021,1,-73.999744,Bayard St & Baxter St,43,false,In Service,Bayard St & Baxter St,16,25,null,,,2015-07-27 20:11:50.798449+00,2015-07-27 20:11:50.798449+00,Chinatown,Manhattan,142
0101000020E61000007A3CEA637B7F52C01573228AA75B4440,361,40.716059,1,-73.991908,Allen St & Hester St,43,false,In Service,Allen St & Hester St,24,18,null,,,2015-07-27 20:11:50.798449+00,2015-07-27 20:11:50.798449+00,Chinatown,Manhattan,148
0101000020E61000009CAE3656A17F52C0399A5C929F5B4440,412,40.715815,1,-73.994224,Forsyth St & Canal St,20,false,In Service,Forsyth St & Canal St,3,17,null,,,2015-07-27 20:11:50.798449+00,2015-07-27 20:11:50.798449+00,Chinatown,Manhattan,194
0101000020E6100000D15CD67F937F52C0B1912C21A0584440,143,40.692395,1,-73.993379,Clinton St & Joralemon St,24,false,In Service,Clinton St & Joralemon St,1,23,null,,,2015-07-27 20:11:50.798449+00,2015-07-27 20:11:50.798449+00,Brooklyn Heights,Brooklyn,11
0101000020E61000001C94AE76C07F52C050B9F8E66E584440,157,40.690893,1,-73.996123,Henry St & Atlantic Ave,23,false,In Service,Henry St & Atlantic Ave,3,19,null,,,2015-07-27 20:11:50.798449+00,2015-07-27 20:11:50.798449+00,Brooklyn Heights,Brooklyn,19
0101000020E6100000849029EEB57F52C04031DFBCA5594440,216,40.700379,1,-73.995481,Columbia Heights & Cranberry St,23,false,In Service,Columbia Heights & Cranberry St,11,9,null,,,2015-07-27 20:11:50.798449+00,2015-07-27 20:11:50.798449+00,Brooklyn Heights,Brooklyn,29
0101000020E610000026D4A3F7647F52C016D6A726CF584440,314,40.69383,1,-73.990539,Cadman Plaza West & Montague,39,false,In Service,Cadman Plaza West & Montague,25,14,null,,,2015-07-27 20:11:50.798449+00,2015-07-27 20:11:50.798449+00,Brooklyn Heights,Brooklyn,103
0101000020E6100000EE239217707F52C001458B8C1C594440,322,40.696192,1,-73.991218,Clinton St & Tillary St,31,false,In Service,Clinton St & Tillary St,28,3,null,,,2015-07-27 20:11:50.798449+00,2015-07-27 20:11:50.798449+00,Brooklyn Heights,Brooklyn,111
0101000020E61000002ED5C196947F52C0DD1F5BBA4A594440,391,40.697601,1,-73.993446,Clark St & Henry St,31,false,In Service,Clark St & Henry St,26,5,null,,,2015-07-27 20:11:50.798449+00,2015-07-27 20:11:50.798449+00,Brooklyn Heights,Brooklyn,173
0101000020E61000006FD3BCA1BD7F52C0F7D6D7B2F9584440,406,40.695128,1,-73.995951,Hicks St & Montague St,34,false,In Service,Hicks St & Montague St,20,13,null,,,2015-07-27 20:11:50.798449+00,2015-07-27 20:11:50.798449+00,Brooklyn Heights,Brooklyn,188
0101000020E61000000EDA6CF5737F52C0940C9DB2A8594440,407,40.700469,1,-73.991454,Henry St & Poplar St,43,false,In Service,Henry St & Poplar St,36,6,null,,,2015-07-27 20:11:50.798449+00,2015-07-27 20:11:50.798449+00,Brooklyn Heights,Brooklyn,189
0101000020E6100000160C2EA0FF7F52C0A501D9C687584440,398,40.691652,1,-73.999979,Atlantic Ave & Furman St,31,false,In Service,Atlantic Ave & Furman St,2,27,null,,,2015-07-27 20:11:50.798449+00,2015-07-27 20:11:50.798449+00,Columbia St,Brooklyn,180
0101000020E6100000589876FC9A7F52C0D6A12226F4594440,217,40.702772,1,-73.993836,Old Fulton St,39,false,In Service,Old Fulton St,3,34,null,,,2015-07-27 20:11:50.798449+00,2015-07-27 20:11:50.798449+00,DUMBO,Brooklyn,30
0101000020E6100000B50442C2357F52C0696750B0F5594440,414,40.702819,1,-73.987658,Pearl St & Anchorage Pl,24,false,In Service,Pearl St & Anchorage Pl,8,15,null,,,2015-07-27 20:11:50.798449+00,2015-07-27 20:11:50.798449+00,DUMBO,Brooklyn,195
0101000020E6100000FABE3958527F52C07E46AFEAEC594440,2000,40.702551,1,-73.989402,Front St & Washington St,30,false,In Service,Front St & Washington St,2,27,null,,,2015-07-27 20:11:50.798449+00,2015-07-27 20:11:50.798449+00,DUMBO,Brooklyn,316
0101000020E610000032C5B982188052C0F1E5073FF25E4440,116,40.741776,1,-74.001497,W 17 St & 8 Ave,39,false,In Service,W 17 St & 8 Ave,10,29,null,,,2015-07-27 20:11:50.798449+00,2015-07-27 20:11:50.798449+00,Chelsea,Manhattan,5
0101000020E61000002DFDE7E9A67F52C014872AA5AE5E4440,168,40.739713,1,-73.994564,W 18 St & 6 Ave,47,false,In Service,W 18 St & 6 Ave,6,40,null,,,2015-07-27 20:11:50.798449+00,2015-07-27 20:11:50.798449+00,Chelsea,Manhattan,24
0101000020E61000000681B5AC6F8052C0609CFECC255F4440,212,40.743349,1,-74.006818,W 16 St & The High Line,28,false,In Service,W 16 St & The High Line,9,17,null,,,2015-07-27 20:11:50.798449+00,2015-07-27 20:11:50.798449+00,Chelsea,Manhattan,28
0101000020E61000005673641FD37F52C085B7834B065F4440,334,40.742388,1,-73.997262,W 20 St & 7 Ave,31,false,In Service,W 20 St & 7 Ave,24,7,null,,,2015-07-27 20:11:50.798449+00,2015-07-27 20:11:50.798449+00,Chelsea,Manhattan,122
0101000020E61000008EF0C759767F52C058F2B012E45F4440,379,40.749156,1,-73.9916,W 31 St & 7 Ave,42,false,In Service,W 31 St & 7 Ave,40,0,null,,,2015-07-27 20:11:50.798449+00,2015-07-27 20:11:50.798449+00,Chelsea,Manhattan,162
0101000020E61000007F379150308052C0A7F2047BF65F4440,388,40.749718,1,-74.00295,W 26 St & 10 Ave,35,false,In Service,W 26 St & 10 Ave,18,17,null,,,2015-07-27 20:11:50.798449+00,2015-07-27 20:11:50.798449+00,Chelsea,Manhattan,170
0101000020E61000001F41A7033C8052C0B8742912205F4440,434,40.743174,1,-74.003664,9 Ave & W 18 St,27,false,In Service,9 Ave & W 18 St,3,24,null,,,2015-07-27 20:11:50.798449+00,2015-07-27 20:11:50.798449+00,Chelsea,Manhattan,212
0101000020E610000022339338A07F52C0E5CD2F0EF15E4440,435,40.74174,1,-73.994156,W 21 St & 6 Ave,47,false,In Service,W 21 St & 6 Ave,26,19,null,,,2015-07-27 20:11:50.798449+00,2015-07-27 20:11:50.798449+00,Chelsea,Manhattan,213
0101000020E61000002BA197479C7F52C007B4ADDB915F4440,442,40.746647,1,-73.993915,W 27 St & 7 Ave,51,false,In Service,W 27 St & 7 Ave,48,2,null,,,2015-07-27 20:11:50.798449+00,2015-07-27 20:11:50.798449+00,Chelsea,Manhattan,220
0101000020E610000068E4E0F3B27F52C0EC274FD6575F4440,446,40.744876,1,-73.995299,W 24 St & 7 Ave,39,false,In Service,W 24 St & 7 Ave,35,2,null,,,2015-07-27 20:11:50.798449+00,2015-07-27 20:11:50.798449+00,Chelsea,Manhattan,224
0101000020E61000007C58F31BF27F52C0D5B0E8BE535F4440,453,40.744751,1,-73.999154,W 22 St & 8 Ave,39,false,In Service,W 22 St & 8 Ave,2,35,null,,,2015-07-27 20:11:50.798449+00,2015-07-27 20:11:50.798449+00,Chelsea,Manhattan,229
0101000020E610000097335999558052C059672C792D604440,458,40.751396,1,-74.005226,11 Ave & W 27 St,31,false,In Service,11 Ave & W 27 St,24,7,null,,,2015-07-27 20:11:50.798449+00,2015-07-27 20:11:50.798449+00,Chelsea,Manhattan,234
0101000020E61000001173EF0C7F8052C0641AC411955F4440,459,40.746745,1,-74.007756,W 20 St & 11 Ave,49,false,In Service,W 20 St & 11 Ave,9,39,null,,,2015-07-27 20:11:50.798449+00,2015-07-27 20:11:50.798449+00,Chelsea,Manhattan,235
0101000020E610000038AE6E034A8052C0A9F454CA9A5F4440,462,40.74692,1,-74.004519,W 22 St & 10 Ave,47,false,In Service,W 22 St & 10 Ave,10,36,null,,,2015-07-27 20:11:50.798449+00,2015-07-27 20:11:50.798449+00,Chelsea,Manhattan,238
0101000020E61000004D6DE695488052C0BBDD5BBAFB5E4440,463,40.742065,1,-74.004432,9 Ave & W 16 St,25,false,In Service,9 Ave & W 16 St,8,12,null,,,2015-07-27 20:11:50.798449+00,2015-07-27 20:11:50.798449+00,Chelsea,Manhattan,239
0101000020E61000006443FFA2008052C0015B6835295F4440,470,40.743453,1,-74.00004,W 20 St & 8 Ave,37,false,In Service,W 20 St & 8 Ave,7,30,null,,,2015-07-27 20:11:50.798449+00,2015-07-27 20:11:50.798449+00,Chelsea,Manhattan,246
0101000020E610000021C9B2CCF47F52C0D25B7CEDA25E4440,482,40.739355,1,-73.999318,W 15 St & 7 Ave,39,false,In Service,W 15 St & 7 Ave,31,6,null,,,2015-07-27 20:11:50.798449+00,2015-07-27 20:11:50.798449+00,Chelsea,Manhattan,258
0101000020E610000095AF88F11C8052C0CFC5897B15604440,489,40.750664,1,-74.001768,10 Ave & W 28 St,37,false,In Service,10 Ave & W 28 St,33,2,null,,,2015-07-27 20:11:50.798449+00,2015-07-27 20:11:50.798449+00,Chelsea,Manhattan,265
0101000020E6100000EA6548979C7F52C0D873678D32604440,490,40.751551,1,-73.993934,8 Ave & W 33 St,59,false,In Service,8 Ave & W 33 St,57,1,null,,,2015-07-27 20:11:50.798449+00,2015-07-27 20:11:50.798449+00,Chelsea,Manhattan,266
0101000020E61000009DC229636B7F52C0F602FA4706604440,492,40.7502,1,-73.990931,W 33 St & 7 Ave,49,false,In Service,W 33 St & 7 Ave,44,5,null,,,2015-07-27 20:11:50.798449+00,2015-07-27 20:11:50.798449+00,Chelsea,Manhattan,268
0101000020E6100000EEE7D0AED27F52C01E9130D6A85F4440,494,40.747348,1,-73.997236,W 26 St & 8 Ave,35,false,In Service,W 26 St & 8 Ave,34,1,null,,,2015-07-27 20:11:50.798449+00,2015-07-27 20:11:50.798449+00,Chelsea,Manhattan,270
0101000020E61000002926E649837F52C0D3D96E535E5E4440,496,40.737262,1,-73.99239,E 16 St & 5 Ave,47,false,In Service,E 16 St & 5 Ave,25,19,null,,,2015-07-27 20:11:50.798449+00,2015-07-27 20:11:50.798449+00,Chelsea,Manhattan,272
0101000020E610000058CF1F4C437F52C010D7AF60DF5F4440,505,40.749013,1,-73.988484,6 Ave & W 33 St,36,false,In Service,6 Ave & W 33 St,35,1,null,,,2015-07-27 20:11:50.798449+00,2015-07-27 20:11:50.798449+00,Chelsea,Manhattan,281
0101000020E6100000D5D38746208052C00BD84C2F6C5F4440,509,40.745497,1,-74.001971,9 Ave & W 22 St,34,false,In Service,9 Ave & W 22 St,4,29,null,,,2015-07-27 20:11:50.798449+00,2015-07-27 20:11:50.798449+00,Chelsea,Manhattan,284
0101000020E6100000BD44CCA4E57F52C05655871C02604440,512,40.750073,1,-73.998393,W 29 St & 9 Ave,27,false,In Service,W 29 St & 9 Ave,17,6,null,,,2015-07-27 20:11:50.798449+00,2015-07-27 20:11:50.798449+00,Chelsea,Manhattan,287
0101000020E6100000569DA1F3AA7F52C09B0277790E604440,521,40.75045,1,-73.994811,8 Ave & W 31 St,67,false,In Service,8 Ave & W 31 St,65,2,null,,,2015-07-27 20:11:50.798449+00,2015-07-27 20:11:50.798449+00,Chelsea,Manhattan,296
0101000020E61000006FC2FC92C87D52C07BEDE3E291584440,244,40.69196,1,-73.965369,Willoughby Ave & Hall St,31,false,In Service,Willoughby Ave & Hall St,21,10,null,,,2015-07-27 20:11:50.798449+00,2015-07-27 20:11:50.798449+00,Clinton Hill,Brooklyn,46
0101000020E610000017E39EB0017E52C0A435C93B3E584440,258,40.689407,1,-73.968855,DeKalb Ave & Vanderbilt Ave,23,false,In Service,DeKalb Ave & Vanderbilt Ave,13,10,null,,,2015-07-27 20:11:50.798449+00,2015-07-27 20:11:50.798449+00,Clinton Hill,Brooklyn,57
0101000020E6100000E128A2E8CC7D52C01CC69DFBDE574440,275,40.686501,1,-73.965633,Washington Ave & Greene Ave,19,false,In Service,Washington Ave & Greene Ave,9,9,null,,,2015-07-27 20:11:50.798449+00,2015-07-27 20:11:50.798449+00,Clinton Hill,Brooklyn,71
0101000020E6100000E16A98AAEB7D52C04B57BE9B19594440,313,40.696102,1,-73.96751,Washington Ave & Park Ave,23,false,In Service,Washington Ave & Park Ave,0,20,null,,,2015-07-27 20:11:50.798449+00,2015-07-27 20:11:50.798449+00,Clinton Hill,Brooklyn,102
0101000020E610000068C1873E957D52C0291D6BA4C8584440,354,40.693631,1,-73.962236,Emerson Pl & Myrtle Ave,31,false,In Service,Emerson Pl & Myrtle Ave,8,22,null,,,2015-07-27 20:11:50.798449+00,2015-07-27 20:11:50.798449+00,Clinton Hill,Brooklyn,141
0101000020E6100000BB5E5786747D52C00CECD60631584440,364,40.689004,1,-73.960239,Lafayette Ave & Classon Ave,27,false,In Service,Lafayette Ave & Classon Ave,20,6,null,,,2015-07-27 20:11:50.798449+00,2015-07-27 20:11:50.798449+00,Clinton Hill,Brooklyn,151
0101000020E610000097B76282887D52C02A0ABD1853574440,365,40.682232,1,-73.961458,Fulton St & Grand Ave,31,false,In Service,Fulton St & Grand Ave,25,5,null,,,2015-07-27 20:11:50.798449+00,2015-07-27 20:11:50.798449+00,Clinton Hill,Brooklyn,152
0101000020E61000005502595E027E52C081408881BC584440,366,40.693261,1,-73.968896,Clinton Ave & Myrtle Ave,33,false,In Service,Clinton Ave & Myrtle Ave,26,7,null,,,2015-07-27 20:11:50.798449+00,2015-07-27 20:11:50.798449+00,Clinton Hill,Brooklyn,153
0101000020E610000073041355D27D52C0FBD34D1C72574440,384,40.683178,1,-73.965964,Fulton St & Waverly Ave,31,false,In Service,Fulton St & Waverly Ave,30,0,null,,,2015-07-27 20:11:50.798449+00,2015-07-27 20:11:50.798449+00,Clinton Hill,Brooklyn,166
0101000020E6100000F00775A6BE7D52C0D4B00E0021584440,399,40.688515,1,-73.964763,Lafayette Ave & St James Pl,27,false,In Service,Lafayette Ave & St James Pl,25,2,null,,,2015-07-27 20:11:50.798449+00,2015-07-27 20:11:50.798449+00,Clinton Hill,Brooklyn,181
0101000020E6100000E64A02262C7F52C0169FC2F75A584440,218,40.690284,1,-73.987071,Gallatin Pl & Livingston St,38,false,In Service,Gallatin Pl & Livingston St,7,29,null,,,2015-07-27 20:11:50.798449+00,2015-07-27 20:11:50.798449+00,Downtown Brooklyn,Brooklyn,31
0101000020E6100000D59C86935E7F52C01939917F15594440,232,40.695977,1,-73.990149,Cadman Plaza E & Tillary St,23,false,In Service,Cadman Plaza E & Tillary St,5,18,null,,,2015-07-27 20:11:50.798449+00,2015-07-27 20:11:50.798449+00,Downtown Brooklyn,Brooklyn,37
0101000020E610000065B23A39567F52C0B4468059A2584440,233,40.692463,1,-73.989639,Joralemon St & Adams St,39,false,In Service,Joralemon St & Adams St,31,7,null,,,2015-07-27 20:11:50.798449+00,2015-07-27 20:11:50.798449+00,Downtown Brooklyn,Brooklyn,38
0101000020E6100000B3A0B8AEF37E52C033613042ED584440,261,40.694749,1,-73.983625,Johnson St & Gold St,27,false,In Service,Johnson St & Gold St,22,4,null,,,2015-07-27 20:11:50.798449+00,2015-07-27 20:11:50.798449+00,Downtown Brooklyn,Brooklyn,60
0101000020E6100000C8D0175B067F52C062F753D64C594440,278,40.697666,1,-73.984764,Concord St & Bridge St,19,false,In Service,Concord St & Bridge St,18,1,null,,,2015-07-27 20:11:50.798449+00,2015-07-27 20:11:50.798449+00,Downtown Brooklyn,Brooklyn,73
0101000020E61000008AC4FB82577F52C0FB4AB7A096594440,321,40.699918,3,-73.989718,Cadman Plaza E & Red Cross Pl,3,false,Not In Service,Cadman Plaza E & Red Cross Pl,3,0,null,,,2015-07-27 20:11:50.798449+00,2015-07-27 20:11:50.798449+00,Downtown Brooklyn,Brooklyn,110
0101000020E6100000C85039CD1F7F52C0F3B1550A9F584440,323,40.692362,1,-73.986317,Lawrence St & Willoughby St,39,false,In Service,Lawrence St & Willoughby St,32,5,null,,,2015-07-27 20:11:50.798449+00,2015-07-27 20:11:50.798449+00,Downtown Brooklyn,Brooklyn,112
0101000020E6100000A478F47DFE7E52C0D53685429A584440,390,40.692216,1,-73.984284,Duffield St & Willoughby St,31,false,In Service,Duffield St & Willoughby St,26,5,null,,,2015-07-27 20:11:50.798449+00,2015-07-27 20:11:50.798449+00,Downtown Brooklyn,Brooklyn,172
0101000020E6100000247A73B82D7F52C0245E959EF7584440,392,40.695065,1,-73.987167,Jay St & Tech Pl,32,false,In Service,Jay St & Tech Pl,1,31,null,,,2015-07-27 20:11:50.798449+00,2015-07-27 20:11:50.798449+00,Downtown Brooklyn,Brooklyn,174
0101000020E61000002726E574E37E52C08149234B25584440,431,40.688646,1,-73.982634,Hanover Pl & Livingston St,24,false,In Service,Hanover Pl & Livingston St,22,1,null,,,2015-07-27 20:11:50.798449+00,2015-07-27 20:11:50.798449+00,Downtown Brooklyn,Brooklyn,209
0101000020E61000008E5088ECAA8052C0EEDE8215C25A4440,195,40.709056,1,-74.010434,Liberty St & Broadway,45,false,In Service,Liberty St & Broadway,40,1,null,,,2015-07-27 20:11:50.798449+00,2015-07-27 20:11:50.798449+00,Financial District,Manhattan,27
0101000020E61000007DAC647C5A8052C0C21853F8105B4440,224,40.711464,1,-74.005524,Spruce St & Nassau St,31,false,In Service,Spruce St & Nassau St,6,24,null,,,2015-07-27 20:11:50.798449+00,2015-07-27 20:11:50.798449+00,Financial District,Manhattan,33
0101000020E6100000295910E2778052C092B72CD2805A4440,264,40.707065,1,-74.007319,Maiden Ln & Pearl St,27,false,In Service,Maiden Ln & Pearl St,17,8,null,,,2015-07-27 20:11:50.798449+00,2015-07-27 20:11:50.798449+00,Financial District,Manhattan,63
0101000020E6100000D55661D2568052C072C8B32CA75A4440,306,40.708235,1,-74.005301,Cliff St & Fulton St,37,false,In Service,Cliff St & Fulton St,20,16,null,,,2015-07-27 20:11:50.798449+00,2015-07-27 20:11:50.798449+00,Financial District,Manhattan,95
0101000020E6100000F5E645106B8052C06C42EA93D25A4440,316,40.70956,1,-74.006536,Fulton St & William St,42,false,In Service,Fulton St & William St,30,11,null,,,2015-07-27 20:11:50.798449+00,2015-07-27 20:11:50.798449+00,Financial District,Manhattan,105
0101000020E6100000AF28515A918052C09CE82F95845A4440,360,40.707179,1,-74.008873,William St & Pine St,39,false,In Service,William St & Pine St,34,5,null,,,2015-07-27 20:11:50.798449+00,2015-07-27 20:11:50.798449+00,Financial District,Manhattan,147
0101000020E61000002189574B768052C078653AD6B35A4440,376,40.708621,1,-74.007222,John St & William St,43,false,In Service,John St & William St,27,16,null,,,2015-07-27 20:11:50.798449+00,2015-07-27 20:11:50.798449+00,Financial District,Manhattan,160
0101000020E6100000971DC630CA8052C0E84D3359C1594440,259,40.701221,1,-74.012342,South St & Whitehall St,39,false,In Service,South St & Whitehall St,37,2,null,,,2015-07-27 20:11:50.798449+00,2015-07-27 20:11:50.798449+00,Financial District,Manhattan,58
0101000020E6100000FF20E04EBF8052C011230BFE105A4440,260,40.703652,1,-74.011678,Broad St & Bridge St,35,false,In Service,Broad St & Bridge St,31,3,null,,,2015-07-27 20:11:50.798449+00,2015-07-27 20:11:50.798449+00,Financial District,Manhattan,59
0101000020E6100000966E0114DF8052C02D05A127315A4440,304,40.704633,1,-74.013617,Broadway & Battery Pl,36,false,In Service,Broadway & Battery Pl,17,15,null,,,2015-07-27 20:11:50.798449+00,2015-07-27 20:11:50.798449+00,Financial District,Manhattan,93
0101000020E6100000ECA648C96D8052C021088AC70D5A4440,315,40.703554,1,-74.006702,South St & Gouverneur Ln,29,false,In Service,South St & Gouverneur Ln,27,0,null,,,2015-07-27 20:11:50.798449+00,2015-07-27 20:11:50.798449+00,Financial District,Manhattan,104
0101000020E6100000106C8B62898052C094F75AD2155A4440,337,40.703799,1,-74.008387,Old Slip & Front St,37,false,In Service,Old Slip & Front St,24,11,null,,,2015-07-27 20:11:50.798449+00,2015-07-27 20:11:50.798449+00,Financial District,Manhattan,125
0101000020E61000002CE30E57648052C02A9D0050475A4440,351,40.70531,1,-74.006126,Front St & Maiden Ln,39,false,In Service,Front St & Maiden Ln,23,16,null,,,2015-07-27 20:11:50.798449+00,2015-07-27 20:11:50.798449+00,Financial District,Manhattan,138
0101000020E610000064484FB2978052C084604AEB335A4440,415,40.704718,1,-74.00926,Pearl St & Hanover Square,42,false,In Service,Pearl St & Hanover Square,37,5,null,,,2015-07-27 20:11:50.798449+00,2015-07-27 20:11:50.798449+00,Financial District,Manhattan,196
0101000020E6100000DD4A99C7E98052C0B5CBE3BFEB594440,427,40.702515,1,-74.01427,State St,59,false,In Service,State St,38,20,null,,,2015-07-27 20:11:50.798449+00,2015-07-27 20:11:50.798449+00,Financial District,Manhattan,206
0101000020E610000098C1B96FD08052C0541CC3E8EC594440,534,40.702551,1,-74.012723,Water - Whitehall Plaza,31,false,In Service,Water - Whitehall Plaza,30,0,null,,,2015-07-27 20:11:50.798449+00,2015-07-27 20:11:50.798449+00,Financial District,Manhattan,308
0101000020E610000095DB08C8547F52C0E39A944BC35E4440,402,40.740343,1,-73.989551,Broadway & E 22 St,41,false,In Service,Broadway & E 22 St,32,7,null,,,2015-07-27 20:11:50.798449+00,2015-07-27 20:11:50.798449+00,Flatiron District,Manhattan,184
0101000020E6100000CFCCED384E7F52C0F617E831055F4440,444,40.742354,1,-73.989151,Broadway & W 24 St,52,false,In Service,Broadway & W 24 St,37,14,null,,,2015-07-27 20:11:50.798449+00,2015-07-27 20:11:50.798449+00,Flatiron District,Manhattan,222
0101000020E610000016EE39DF737F52C0AA68159E395F4440,466,40.743954,1,-73.991449,W 25 St & 6 Ave,35,false,In Service,W 25 St & 6 Ave,5,29,null,,,2015-07-27 20:11:50.798449+00,2015-07-27 20:11:50.798449+00,Flatiron District,Manhattan,242
0101000020E61000006B1582F61A7F52C0BF940BA1D75E4440,491,40.740964,1,-73.986022,E 24 St & Park Ave S,53,false,In Service,E 24 St & Park Ave S,37,16,null,,,2015-07-27 20:11:50.798449+00,2015-07-27 20:11:50.798449+00,Flatiron District,Manhattan,267
0101000020E6100000580208B9297F52C05FE8200BFB5D4440,297,40.734232,3,-73.986923,E 15 St & 3 Ave,3,false,Not In Service,E 15 St & 3 Ave,3,0,null,,,2015-07-27 20:11:50.798449+00,2015-07-27 20:11:50.798449+00,Gramercy,Manhattan,87
0101000020E61000003CEF02EB057F52C0DC4CA8033D5E4440,325,40.736245,1,-73.984738,E 19 St & 3 Ave,35,false,In Service,E 19 St & 3 Ave,3,31,null,,,2015-07-27 20:11:50.798449+00,2015-07-27 20:11:50.798449+00,Gramercy,Manhattan,114
0101000020E6100000639453E3D97E52C0DB008AF0305E4440,461,40.735877,1,-73.98205,E 20 St & 2 Ave,39,false,In Service,E 20 St & 2 Ave,12,20,null,,,2015-07-27 20:11:50.798449+00,2015-07-27 20:11:50.798449+00,Gramercy,Manhattan,237
0101000020E610000015C93794347F52C0BC1AFF291C5E4440,475,40.735243,3,-73.987586,E 16 St & Irving Pl,21,false,Not In Service,E 16 St & Irving Pl,21,0,null,,,2015-07-27 20:11:50.798449+00,2015-07-27 20:11:50.798449+00,Gramercy,Manhattan,251
0101000020E6100000375ECDA85D7F52C0B248E160575E4440,497,40.73705,1,-73.990093,E 17 St & Broadway,59,false,In Service,E 17 St & Broadway,29,30,null,,,2015-07-27 20:11:50.798449+00,2015-07-27 20:11:50.798449+00,Gramercy,Manhattan,273
0101000020E6100000F6CFAF7F337F52C0FC7339807F5E4440,503,40.738274,1,-73.98752,E 20 St & Park Ave,29,false,In Service,E 20 St & Park Ave,14,12,null,,,2015-07-27 20:11:50.798449+00,2015-07-27 20:11:50.798449+00,Gramercy,Manhattan,279
0101000020E6100000D5E5B2A6308052C0053F3C6D115D4440,128,40.727103,3,-74.002971,MacDougal St & Prince St,30,false,Not In Service,MacDougal St & Prince St,30,0,null,,,2015-07-27 20:11:50.798449+00,2015-07-27 20:11:50.798449+00,SoHo,Manhattan,9
0101000020E61000008AA39A9BFB7F52C086A9C95F0B5C4440,268,40.719105,1,-73.999733,Howard St & Centre St,27,false,In Service,Howard St & Centre St,11,16,null,,,2015-07-27 20:11:50.798449+00,2015-07-27 20:11:50.798449+00,SoHo,Manhattan,67
0101000020E61000001A110BB8F77F52C0DB45268D9F5C4440,303,40.723627,1,-73.999496,Mercer St & Spring St,31,false,In Service,Mercer St & Spring St,6,24,null,,,2015-07-27 20:11:50.798449+00,2015-07-27 20:11:50.798449+00,SoHo,Manhattan,92
0101000020E6100000A7E0A0AA7A8052C03D64830B475D4440,347,40.728739,1,-74.007488,W Houston St & Hudson St,35,false,In Service,W Houston St & Hudson St,4,27,null,,,2015-07-27 20:11:50.798449+00,2015-07-27 20:11:50.798449+00,SoHo,Manhattan,134
0101000020E61000001F7F9952198052C0E93D4993C95C4440,348,40.72491,1,-74.001547,W Broadway & Spring St,42,false,In Service,W Broadway & Spring St,3,38,null,,,2015-07-27 20:11:50.798449+00,2015-07-27 20:11:50.798449+00,SoHo,Manhattan,135
0101000020E6100000BF9043C85C8052C059B6A893785C4440,377,40.722438,1,-74.005664,6 Ave & Canal St,47,false,In Service,6 Ave & Canal St,46,0,null,,,2015-07-27 20:11:50.798449+00,2015-07-27 20:11:50.798449+00,SoHo,Manhattan,161
0101000020E61000006EE8ED0B4D8052C04EACF7D5B85C4440,2004,40.724399,1,-74.004704,6 Ave & Broome St,36,false,In Service,6 Ave & Broome St,22,13,null,,,2015-07-27 20:11:50.798449+00,2015-07-27 20:11:50.798449+00,SoHo,Manhattan,320
0101000020E6100000BEB3826F268052C0807F09EA5E5C4440,2010,40.721655,1,-74.002347,Grand St & Greene St,39,false,In Service,Grand St & Greene St,6,31,null,,,2015-07-27 20:11:50.798449+00,2015-07-27 20:11:50.798449+00,SoHo,Manhattan,325
0101000020E61000000FD1CD819C7F52C00EDF06B435624440,72,40.767272,1,-73.993929,W 52 St & 11 Ave,39,false,In Service,W 52 St & 11 Ave,25,14,null,,,2015-07-27 20:11:50.798449+00,2015-07-27 20:11:50.798449+00,Hell's Kitchen,Manhattan,1
0101000020E6100000EB06C76D297F52C05594221507624440,423,40.765849,1,-73.986905,W 54 St & 9 Ave,39,false,In Service,W 54 St & 9 Ave,24,15,null,,,2015-07-27 20:11:50.798449+00,2015-07-27 20:11:50.798449+00,Hell's Kitchen,Manhattan,204
0101000020E6100000C578C2DC0C7F52C0B56C92E4C0614440,447,40.763707,1,-73.985162,8 Ave & W 52 St,31,false,In Service,8 Ave & W 52 St,30,1,null,,,2015-07-27 20:11:50.798449+00,2015-07-27 20:11:50.798449+00,Hell's Kitchen,Manhattan,225
0101000020E61000006625A995DD7F52C05708981DD8604440,448,40.756604,1,-73.997901,W 37 St & 10 Ave,31,false,In Service,W 37 St & 10 Ave,30,0,null,,,2015-07-27 20:11:50.798449+00,2015-07-27 20:11:50.798449+00,Hell's Kitchen,Manhattan,226
0101000020E61000007ED6C0A4397F52C0C6E66CBEDE614440,449,40.764618,1,-73.987895,W 52 St & 9 Ave,31,false,In Service,W 52 St & 9 Ave,25,3,null,,,2015-07-27 20:11:50.798449+00,2015-07-27 20:11:50.798449+00,Hell's Kitchen,Manhattan,227
0101000020E6100000EAF2916F397F52C0BF0D12DC91614440,450,40.762272,1,-73.987882,W 49 St & 8 Ave,59,false,In Service,W 49 St & 8 Ave,56,1,null,,,2015-07-27 20:11:50.798449+00,2015-07-27 20:11:50.798449+00,Hell's Kitchen,Manhattan,228
0101000020E6100000293CD701ED7F52C0382A604551614440,478,40.760301,1,-73.998842,11 Ave & W 41 St,31,false,In Service,11 Ave & W 41 St,20,10,null,,,2015-07-27 20:11:50.798449+00,2015-07-27 20:11:50.798449+00,Hell's Kitchen,Manhattan,254
0101000020E6100000A7C829B3707F52C0F582B6B74D614440,479,40.760193,1,-73.991255,9 Ave & W 45 St,31,false,In Service,9 Ave & W 45 St,18,11,null,,,2015-07-27 20:11:50.798449+00,2015-07-27 20:11:50.798449+00,Hell's Kitchen,Manhattan,255
0101000020E61000009E91F33F667F52C0EE65CDD822624440,480,40.766697,1,-73.990617,W 53 St & 10 Ave,27,false,In Service,W 53 St & 10 Ave,19,8,null,,,2015-07-27 20:11:50.798449+00,2015-07-27 20:11:50.798449+00,Hell's Kitchen,Manhattan,256
0101000020E61000008A1B031F997F52C0C4074F5AD3604440,488,40.756458,1,-73.993722,W 39 St & 9 Ave,41,false,In Service,W 39 St & 9 Ave,40,1,null,,,2015-07-27 20:11:50.798449+00,2015-07-27 20:11:50.798449+00,Hell's Kitchen,Manhattan,264
0101000020E6100000F43F0E7D8D7F52C08DDB13D89F614440,495,40.762699,1,-73.993012,W 47 St & 10 Ave,25,false,In Service,W 47 St & 10 Ave,15,9,null,,,2015-07-27 20:11:50.798449+00,2015-07-27 20:11:50.798449+00,Hell's Kitchen,Manhattan,271
0101000020E6100000EFB9837DC97F52C09337AE45B7614440,508,40.763414,1,-73.996674,W 46 St & 11 Ave,22,false,In Service,W 46 St & 11 Ave,19,3,null,,,2015-07-27 20:11:50.798449+00,2015-07-27 20:11:50.798449+00,Hell's Kitchen,Manhattan,283
0101000020E61000000E2C72D6457F52C09C674BE055624440,513,40.768254,1,-73.988639,W 56 St & 10 Ave,27,false,In Service,W 56 St & 10 Ave,16,10,null,,,2015-07-27 20:11:50.798449+00,2015-07-27 20:11:50.798449+00,Hell's Kitchen,Manhattan,288
0101000020E6100000ED1928782D8052C0F4AEF01464614440,514,40.760875,1,-74.002777,12 Ave & W 40 St,53,false,In Service,12 Ave & W 40 St,12,41,null,,,2015-07-27 20:11:50.798449+00,2015-07-27 20:11:50.798449+00,Hell's Kitchen,Manhattan,289
0101000020E6100000EDB8FCCDA77F52C051495F804A614440,515,40.760094,1,-73.994618,W 43 St & 10 Ave,35,false,In Service,W 43 St & 10 Ave,17,15,null,,,2015-07-27 20:11:50.798449+00,2015-07-27 20:11:50.798449+00,Hell's Kitchen,Manhattan,290
0101000020E6100000410653A6228052C02A74566CC2604440,525,40.755942,1,-74.002116,W 34 St & 11 Ave,39,false,In Service,W 34 St & 11 Ave,26,9,null,,,2015-07-27 20:11:50.798449+00,2015-07-27 20:11:50.798449+00,Hell's Kitchen,Manhattan,300
0101000020E6100000FC8A93466C7F52C0600796C7F7604440,529,40.75757,1,-73.990985,W 42 St & 8 Ave,41,false,In Service,W 42 St & 8 Ave,29,11,null,,,2015-07-27 20:11:50.798449+00,2015-07-27 20:11:50.798449+00,Hell's Kitchen,Manhattan,304
0101000020E6100000277B3B24457F52C0B2A03A2F30614440,2021,40.759291,1,-73.988597,W 45 St & 8 Ave,43,false,In Service,W 45 St & 8 Ave,28,13,null,,,2015-07-27 20:11:50.798449+00,2015-07-27 20:11:50.798449+00,Hell's Kitchen,Manhattan,328
0101000020E61000004ABF91AE5B7E52C0322332741F5F4440,527,40.743156,1,-73.974347,E 33 St & 1 Ave,59,false,In Service,E 33 St & 1 Ave,53,2,null,,,2015-07-27 20:11:50.798449+00,2015-07-27 20:11:50.798449+00,Kips Bay,Manhattan,302
0101000020E6100000EBF9907A8D7E52C0A1C7FB4B7C5E4440,174,40.738177,1,-73.977387,E 25 St & 1 Ave,30,false,In Service,E 25 St & 1 Ave,19,8,null,,,2015-07-27 20:11:50.798449+00,2015-07-27 20:11:50.798449+00,Kips Bay,Manhattan,26
0101000020E610000074E3B3BCB27E52C032A10E42395F4440,476,40.743943,1,-73.979661,E 31 St & 3 Ave,46,false,In Service,E 31 St & 3 Ave,33,9,null,,,2015-07-27 20:11:50.798449+00,2015-07-27 20:11:50.798449+00,Kips Bay,Manhattan,252
0101000020E61000003F75F5FFB37E52C092C10C699B5E4440,507,40.739126,3,-73.979738,E 25 St & 2 Ave,19,false,Not In Service,E 25 St & 2 Ave,19,0,null,,,2015-07-27 20:11:50.798449+00,2015-07-27 20:11:50.798449+00,Kips Bay,Manhattan,282
0101000020E6100000FCFE0D23887E52C021143B5F175F4440,528,40.742909,1,-73.977061,2 Ave & E 31 St,39,false,In Service,2 Ave & E 31 St,24,9,null,,,2015-07-27 20:11:50.798449+00,2015-07-27 20:11:50.798449+00,Kips Bay,Manhattan,303
0101000020E6100000F045BF496C7E52C064E6A95CE75E4440,536,40.741444,1,-73.975361,1 Ave & E 30 St,26,false,In Service,1 Ave & E 30 St,7,15,null,,,2015-07-27 20:11:50.798449+00,2015-07-27 20:11:50.798449+00,Kips Bay,Manhattan,309
0101000020E610000075CF8B57FB7E52C0DEA86987C05E4440,537,40.740259,1,-73.984092,Lexington Ave & E 24 St,39,false,In Service,Lexington Ave & E 24 St,6,31,null,,,2015-07-27 20:11:50.798449+00,2015-07-27 20:11:50.798449+00,Kips Bay,Manhattan,310
0101000020E6100000045490E0EC7E52C0A707DA4FE85E4440,540,40.741473,1,-73.983209,Lexington Ave & E 26 St,39,false,In Service,Lexington Ave & E 26 St,13,24,null,,,2015-07-27 20:11:50.798449+00,2015-07-27 20:11:50.798449+00,Kips Bay,Manhattan,313
0101000020E6100000911D45F7837E52C0C735EEDCA55E4440,2012,40.739445,1,-73.976806,E 27 St & 1 Ave,36,false,In Service,E 27 St & 1 Ave,34,2,null,,,2015-07-27 20:11:50.798449+00,2015-07-27 20:11:50.798449+00,Kips Bay,Manhattan,326
0101000020E610000032D0F74E747F52C090D76AD7735C4440,265,40.722293,1,-73.991475,Stanton St & Chrystie St,35,false,In Service,Stanton St & Chrystie St,7,27,null,,,2015-07-27 20:11:50.798449+00,2015-07-27 20:11:50.798449+00,Lower East Side,Manhattan,64
0101000020E61000004DD814A9077F52C0B6C13371475B4440,291,40.713126,1,-73.984844,Madison St & Montgomery St,20,false,In Service,Madison St & Montgomery St,13,5,null,,,2015-07-27 20:11:50.798449+00,2015-07-27 20:11:50.798449+00,Lower East Side,Manhattan,82
0101000020E6100000212186805A7F52C04C319F166D5B4440,307,40.714275,1,-73.9899,Canal St & Rutgers St,31,false,In Service,Canal St & Rutgers St,28,3,null,,,2015-07-27 20:11:50.798449+00,2015-07-27 20:11:50.798449+00,Lower East Side,Manhattan,96
0101000020E61000004F76B5B53B7F52C028B43BD6CD5B4440,311,40.717227,1,-73.988021,Norfolk St & Broome St,13,false,In Service,Norfolk St & Broome St,7,4,null,,,2015-07-27 20:11:50.798449+00,2015-07-27 20:11:50.798449+00,Lower East Side,Manhattan,100
0101000020E6100000FE282B924D7F52C047D011076C5C4440,312,40.722055,1,-73.989111,Allen St & E Houston St,31,false,In Service,Allen St & E Houston St,24,6,null,,,2015-07-27 20:11:50.798449+00,2015-07-27 20:11:50.798449+00,Lower East Side,Manhattan,101
0101000020E6100000E9C5B6C37B7F52C01F83AFBB195B4440,331,40.711731,1,-73.99193,Pike St & Monroe St,27,false,In Service,Pike St & Monroe St,21,4,null,,,2015-07-27 20:11:50.798449+00,2015-07-27 20:11:50.798449+00,Lower East Side,Manhattan,120
0101000020E61000002EBE0CCDAF7E52C01E407711295B4440,332,40.712199,1,-73.979481,Cherry St,24,false,In Service,Cherry St,13,10,null,,,2015-07-27 20:11:50.798449+00,2015-07-27 20:11:50.798449+00,Lower East Side,Manhattan,121
0101000020E6100000E736377D377F52C07D3B4B2B395B4440,340,40.71269,1,-73.987763,Madison St & Clinton St,27,false,In Service,Madison St & Clinton St,22,4,null,,,2015-07-27 20:11:50.798449+00,2015-07-27 20:11:50.798449+00,Lower East Side,Manhattan,127
0101000020E61000009FEF74807B7E52C03248504DE15B4440,341,40.717821,1,-73.976289,Stanton St & Mangin St,19,false,In Service,Stanton St & Mangin St,13,5,null,,,2015-07-27 20:11:50.798449+00,2015-07-27 20:11:50.798449+00,Lower East Side,Manhattan,128
0101000020E61000003ABD3E02BB7E52C099E5D67BD35B4440,342,40.7174,1,-73.980166,Columbia St & Rivington St,29,false,In Service,Columbia St & Rivington St,8,20,null,,,2015-07-27 20:11:50.798449+00,2015-07-27 20:11:50.798449+00,Lower East Side,Manhattan,129
0101000020E6100000ACAC2957EE7E52C054B1459BF75B4440,349,40.718502,1,-73.983299,Rivington St & Ridge St,23,false,In Service,Rivington St & Ridge St,20,3,null,,,2015-07-27 20:11:50.798449+00,2015-07-27 20:11:50.798449+00,Lower East Side,Manhattan,136
0101000020E610000078B0BA772B7F52C055486D59985B4440,350,40.715595,1,-73.98703,Clinton St & Grand St,28,false,In Service,Clinton St & Grand St,17,11,null,,,2015-07-27 20:11:50.798449+00,2015-07-27 20:11:50.798449+00,Lower East Side,Manhattan,137
0101000020E61000008515A617E37E52C0467C9209AD5B4440,356,40.716226,1,-73.982612,Bialystoker Pl & Delancey St,23,false,In Service,Bialystoker Pl & Delancey St,14,9,null,,,2015-07-27 20:11:50.798449+00,2015-07-27 20:11:50.798449+00,Lower East Side,Manhattan,143
0101000020E6100000AF3FBE76D57E52C0551AB577105C4440,400,40.719261,1,-73.98178,Pitt St & Stanton St,15,false,In Service,Pitt St & Stanton St,11,3,null,,,2015-07-27 20:11:50.798449+00,2015-07-27 20:11:50.798449+00,Lower East Side,Manhattan,182
0101000020E61000006C94ADC75B7F52C0DA29A31A2F5C4440,401,40.720196,1,-73.989978,Allen St & Rivington St,42,false,In Service,Allen St & Rivington St,33,8,null,,,2015-07-27 20:11:50.798449+00,2015-07-27 20:11:50.798449+00,Lower East Side,Manhattan,183
0101000020E6100000138866290D7F52C0994A0A763E5C4440,410,40.720664,1,-73.98518,Suffolk St & Stanton St,35,false,In Service,Suffolk St & Stanton St,12,21,null,,,2015-07-27 20:11:50.798449+00,2015-07-27 20:11:50.798449+00,Lower East Side,Manhattan,192
0101000020E6100000773E9DAE7B7F52C03E753CC14C5C4440,473,40.721101,1,-73.991925,Rivington St & Chrystie St,41,false,In Service,Rivington St & Chrystie St,32,7,null,,,2015-07-27 20:11:50.798449+00,2015-07-27 20:11:50.798449+00,Lower East Side,Manhattan,249
0101000020E610000094136959CE7E52C04BBA64206B5B4440,502,40.714215,1,-73.981346,Henry St & Grand St,30,false,In Service,Henry St & Grand St,25,4,null,,,2015-07-27 20:11:50.798449+00,2015-07-27 20:11:50.798449+00,Lower East Side,Manhattan,278
0101000020E61000005D40D4C3877F52C08F3E82EC055C4440,531,40.718939,1,-73.992663,Forsyth St & Broome St,39,false,In Service,Forsyth St & Broome St,34,4,null,,,2015-07-27 20:11:50.798449+00,2015-07-27 20:11:50.798449+00,Lower East Side,Manhattan,305
0101000020E61000007778B19F9C7E52C0A757F2FDC55F4440,160,40.748238,1,-73.978311,E 37 St & Lexington Ave,26,false,In Service,E 37 St & Lexington Ave,14,11,null,,,2015-07-27 20:11:50.798449+00,2015-07-27 20:11:50.798449+00,Murray Hill,Manhattan,20
0101000020E61000000EED6C8F777E52C0F78E3CB4DB5F4440,167,40.748901,1,-73.976049,E 39 St & 3 Ave,45,false,In Service,E 39 St & 3 Ave,32,7,null,,,2015-07-27 20:11:50.798449+00,2015-07-27 20:11:50.798449+00,Murray Hill,Manhattan,23
0101000020E6100000F949ED50287E52C068B7224C425F4440,501,40.744219,1,-73.971212,FDR Drive & E 35 St,43,false,In Service,FDR Drive & E 35 St,42,1,null,,,2015-07-27 20:11:50.798449+00,2015-07-27 20:11:50.798449+00,Murray Hill,Manhattan,277
0101000020E61000000C28F256977E52C0A3A7C1A330604440,517,40.751493,1,-73.977988,Pershing Square S,59,false,In Service,Pershing Square S,36,21,null,,,2015-07-27 20:11:50.798449+00,2015-07-27 20:11:50.798449+00,Murray Hill,Manhattan,292
0101000020E6100000B3DB36D94C7E52C0336F06C3B75F4440,518,40.747804,1,-73.973442,E 39 St & 2 Ave,39,false,In Service,E 39 St & 2 Ave,22,14,null,,,2015-07-27 20:11:50.798449+00,2015-07-27 20:11:50.798449+00,Murray Hill,Manhattan,293
0101000020E6100000F41FDAA3927E52C034FE4E773D604440,519,40.751884,1,-73.977702,Pershing Square N,61,false,In Service,Pershing Square N,32,25,null,,,2015-07-27 20:11:50.798449+00,2015-07-27 20:11:50.798449+00,Murray Hill,Manhattan,294
0101000020E61000002765C226D27F52C0646F8430645C4440,151,40.721816,1,-73.997203,Cleveland Pl & Spring St,33,false,In Service,Cleveland Pl & Spring St,14,18,null,,,2015-07-27 20:11:50.798449+00,2015-07-27 20:11:50.798449+00,Nolita,Manhattan,16
0101000020E6100000329900C1B87F52C0FE0CFF23BE5C4440,250,40.724561,1,-73.995653,Lafayette St & Jersey St,40,false,In Service,Lafayette St & Jersey St,20,18,null,,,2015-07-27 20:11:50.798449+00,2015-07-27 20:11:50.798449+00,Nolita,Manhattan,51
0101000020E610000074370FC8AA7F52C00AEEBAE0905C4440,251,40.72318,1,-73.9948,Mott St & Prince St,27,false,In Service,Mott St & Prince St,7,18,null,,,2015-07-27 20:11:50.798449+00,2015-07-27 20:11:50.798449+00,Nolita,Manhattan,52
0101000020E6100000005B277B727E52C0D55C7E58D75D4440,487,40.733143,1,-73.975739,E 20 St & FDR Drive,36,false,In Service,E 20 St & FDR Drive,22,12,null,,,2015-07-27 20:11:50.798449+00,2015-07-27 20:11:50.798449+00,Stuyvesant Town,Manhattan,263
0101000020E6100000360ED66BD37E52C00775EB10B95D4440,504,40.732219,1,-73.981656,1 Ave & E 15 St,45,false,In Service,1 Ave & E 15 St,34,8,null,,,2015-07-27 20:11:50.798449+00,2015-07-27 20:11:50.798449+00,Stuyvesant Town,Manhattan,280
0101000020E610000071D5DB02937E52C023DB11475C5D4440,511,40.729387,1,-73.977724,E 14 St & Avenue B,33,false,In Service,E 14 St & Avenue B,31,0,null,,,2015-07-27 20:11:50.798449+00,2015-07-27 20:11:50.798449+00,Stuyvesant Town,Manhattan,286
0101000020E6100000626D8D14997E52C03A2B436D455E4440,545,40.736502,1,-73.978095,E 23 St & 1 Ave,27,false,In Service,E 23 St & 1 Ave,8,14,null,,,2015-07-27 20:11:50.798449+00,2015-07-27 20:11:50.798449+00,Stuyvesant Town,Manhattan,314
0101000020E6100000A3D0A046BC7E52C093A018B4F85D4440,2003,40.734161,1,-73.980243,1 Ave & E 18 St,30,false,In Service,1 Ave & E 18 St,21,9,null,,STX 277,2015-07-27 20:11:50.798449+00,2015-07-27 20:11:50.798449+00,Stuyvesant Town,Manhattan,319
0101000020E6100000F0D1384D127E52C00558D2D355594440,343,40.69794,1,-73.969868,Clinton Ave & Flushing Ave,23,false,In Service,Clinton Ave & Flushing Ave,1,21,null,,,2015-07-27 20:11:50.798449+00,2015-07-27 20:11:50.798449+00,Navy Yard,Brooklyn,130
0101000020E6100000516AB7034B7E52C0BCCE2FF575594440,2001,40.698921,1,-73.97333,7 Ave & Farragut St,15,false,In Service,7 Ave & Farragut St,3,11,null,,,2015-07-27 20:11:50.798449+00,2015-07-27 20:11:50.798449+00,Navy Yard,Brooklyn,317
0101000020E6100000A69881D9247E52C0E9ED1F64475A4440,2005,40.705312,1,-73.971001,Railroad Ave & Kay Ave,12,false,In Service,Railroad Ave & Kay Ave,4,8,null,,,2015-07-27 20:11:50.798449+00,2015-07-27 20:11:50.798449+00,Navy Yard,Brooklyn,321
0101000020E6100000B104B6336D8052C0AF23EFB40B5C4440,79,40.719116,1,-74.006667,Franklin St & W Broadway,33,false,In Service,Franklin St & W Broadway,28,4,null,,,2015-07-27 20:11:50.798449+00,2015-07-27 20:11:50.798449+00,Tribeca,Manhattan,2
0101000020E6100000610FD52A958052C011FCE2CFAD5B4440,146,40.71625,1,-74.009106,Hudson St & Reade St,39,false,In Service,Hudson St & Reade St,18,20,null,,,2015-07-27 20:11:50.798449+00,2015-07-27 20:11:50.798449+00,Tribeca,Manhattan,13
0101000020E610000012C115CDB78052C0FFCE32AD925B4440,147,40.715422,1,-74.01122,Greenwich St & Warren St,33,false,In Service,Greenwich St & Warren St,1,28,null,,,2015-07-27 20:11:50.798449+00,2015-07-27 20:11:50.798449+00,Tribeca,Manhattan,14
0101000020E61000005671622C958052C06530D5537C5B4440,152,40.71474,1,-74.009106,Warren St & Church St,29,false,In Service,Warren St & Church St,8,20,null,,,2015-07-27 20:11:50.798449+00,2015-07-27 20:11:50.798449+00,Tribeca,Manhattan,17
0101000020E6100000C368AD6C7E8052C0861D346F655C4440,248,40.721854,1,-74.007718,Laight St & Hudson St,23,false,In Service,Laight St & Hudson St,22,1,null,,,2015-07-27 20:11:50.798449+00,2015-07-27 20:11:50.798449+00,Tribeca,Manhattan,49
0101000020E6100000690B6E72938052C084BE186AFE5B4440,249,40.71871,1,-74.009001,Harrison St & Hudson St,27,false,In Service,Harrison St & Hudson St,11,14,null,,,2015-07-27 20:11:50.798449+00,2015-07-27 20:11:50.798449+00,Tribeca,Manhattan,50
0101000020E6100000E992D57A288052C0E45465C6145C4440,257,40.719392,1,-74.002472,Lispenard St & Broadway,38,false,In Service,Lispenard St & Broadway,1,36,null,,,2015-07-27 20:11:50.798449+00,2015-07-27 20:11:50.798449+00,Tribeca,Manhattan,56
0101000020E61000006A1B0B47AB8052C021BB485CD65B4440,276,40.717488,1,-74.010455,Duane St & Greenwich St,25,false,In Service,Duane St & Greenwich St,0,25,null,,,2015-07-27 20:11:50.798449+00,2015-07-27 20:11:50.798449+00,Tribeca,Manhattan,72
0101000020E61000001CBD322AD58052C0B90DC826845B4440,309,40.714979,1,-74.013012,Murray St & West St,41,false,In Service,Murray St & West St,2,37,null,,,2015-07-27 20:11:50.798449+00,2015-07-27 20:11:50.798449+00,Tribeca,Manhattan,98
0101000020E6100000880BA398998052C0118F8B264F5B4440,319,40.713361,1,-74.009376,Park Pl & Church St,35,false,In Service,Park Pl & Church St,12,21,null,,,2015-07-27 20:11:50.798449+00,2015-07-27 20:11:50.798449+00,Tribeca,Manhattan,108
0101000020E610000034E71DE45A8052C0D2429018D95B4440,320,40.717571,1,-74.005549,Leonard St & Church St,39,false,In Service,Leonard St & Church St,19,19,null,,,2015-07-27 20:11:50.798449+00,2015-07-27 20:11:50.798449+00,Tribeca,Manhattan,109
0101000020E610000086E56C3D9E8052C050156694AD5C4440,328,40.724055,1,-74.00966,Watts St & Greenwich St,23,false,In Service,Watts St & Greenwich St,10,11,null,,,2015-07-27 20:11:50.798449+00,2015-07-27 20:11:50.798449+00,Tribeca,Manhattan,117
0101000020E6100000436D5C31A78052C0965011EA365C4440,329,40.720434,1,-74.010206,Greenwich St & N Moore St,31,false,In Service,Greenwich St & N Moore St,14,17,null,,,2015-07-27 20:11:50.798449+00,2015-07-27 20:11:50.798449+00,Tribeca,Manhattan,118
0101000020E6100000CA62A221A78052C0EFA60F70405B4440,417,40.712912,1,-74.010202,Barclay St & Church St,47,false,In Service,Barclay St & Church St,15,30,null,,,2015-07-27 20:11:50.798449+00,2015-07-27 20:11:50.798449+00,Tribeca,Manhattan,198
0101000020E610000087465896C37E52C0B895C6DD64594440,144,40.698399,1,-73.980689,Nassau St & Navy St,19,false,In Service,Nassau St & Navy St,11,5,null,,,2015-07-27 20:11:50.798449+00,2015-07-27 20:11:50.798449+00,Vinegar Hill,Brooklyn,12
0101000020E61000004C6593D9E47E52C037068D0C95594440,279,40.699869,1,-73.982719,Sands St & Gold St,19,false,In Service,Sands St & Gold St,14,3,null,,,2015-07-27 20:11:50.798449+00,2015-07-27 20:11:50.798449+00,Vinegar Hill,Brooklyn,74
0101000020E6100000BA5BCB88E27E52C0132DD5BAE2594440,418,40.70224,1,-73.982578,Front St & Gold St,23,false,In Service,Front St & Gold St,22,0,null,,,2015-07-27 20:11:50.798449+00,2015-07-27 20:11:50.798449+00,Vinegar Hill,Brooklyn,199
0101000020E61000006F4D6EED237F52C06E6346FEC9594440,430,40.701485,1,-73.986569,York St & Jay St,27,false,In Service,York St & Jay St,3,21,null,,,2015-07-27 20:11:50.798449+00,2015-07-27 20:11:50.798449+00,Vinegar Hill,Brooklyn,208
0101000020E6100000B80C769C637D52C06708AAF715614440,2022,40.758491,1,-73.959206,E 59 St & Sutton Pl,33,false,In Service,E 59 St & Sutton Pl,16,14,null,,,2015-07-27 20:11:50.798449+00,2015-07-27 20:11:50.798449+00,Upper East Side,Manhattan,329
0101000020E6100000EE98D0796E8052C031C3DBDEA85D4440,127,40.731724,1,-74.006744,Barrow St & Hudson St,31,false,In Service,Barrow St & Hudson St,9,19,null,,,2015-07-27 20:11:50.798449+00,2015-07-27 20:11:50.798449+00,West Village,Manhattan,8
0101000020E6100000CD0DFE19FF7F52C0F9904374705E4440,223,40.737815,1,-73.999947,W 13 St & 7 Ave,33,false,In Service,W 13 St & 7 Ave,12,16,null,,,2015-07-27 20:11:50.798449+00,2015-07-27 20:11:50.798449+00,West Village,Manhattan,32
0101000020E61000009083B88A838052C02193F9FDF75E4440,225,40.741951,1,-74.00803,W 14 St & The High Line,37,false,In Service,W 14 St & The High Line,7,28,null,,,2015-07-27 20:11:50.798449+00,2015-07-27 20:11:50.798449+00,West Village,Manhattan,34
0101000020E6100000222DABBF8C8052C072D63A6C3B5E4440,238,40.736197,1,-74.008592,Bank St & Washington St,31,false,In Service,Bank St & Washington St,3,27,null,,,2015-07-27 20:11:50.798449+00,2015-07-27 20:11:50.798449+00,West Village,Manhattan,41
0101000020E6100000C8B939204F8052C01D7DFBCE1F5E4440,247,40.735354,1,-74.004831,Perry St & Bleecker St,20,false,In Service,Perry St & Bleecker St,7,12,null,,,2015-07-27 20:11:50.798449+00,2015-07-27 20:11:50.798449+00,West Village,Manhattan,48
0101000020E6100000EA9EDC302B8052C04292E0D5975E4440,284,40.739017,1,-74.002638,Greenwich Ave & 8 Ave,43,false,In Service,Greenwich Ave & 8 Ave,21,20,null,,,2015-07-27 20:11:50.798449+00,2015-07-27 20:11:50.798449+00,West Village,Manhattan,78
0101000020E610000026B7CE3B658052C0F21BD74E465E4440,346,40.736529,1,-74.00618,Bank St & Hudson St,27,false,In Service,Bank St & Hudson St,10,16,null,,,2015-07-27 20:11:50.798449+00,2015-07-27 20:11:50.798449+00,West Village,Manhattan,133
0101000020E610000099858687748052C0582FC9E7CF5D4440,358,40.732916,1,-74.007114,Christopher St & Greenwich St,36,false,In Service,Christopher St & Greenwich St,15,17,null,,,2015-07-27 20:11:50.798449+00,2015-07-27 20:11:50.798449+00,West Village,Manhattan,145
0101000020E6100000C3ED2C33238052C0791678047D5D4440,368,40.730386,1,-74.00215,Carmine St & 6 Ave,38,false,In Service,Carmine St & 6 Ave,1,33,null,,,2015-07-27 20:11:50.798449+00,2015-07-27 20:11:50.798449+00,West Village,Manhattan,155
0101000020E6100000E19B0420308052C036BDDBD0F35D4440,380,40.734011,1,-74.002939,W 4 St & 7 Ave S,39,false,In Service,W 4 St & 7 Ave S,26,13,null,,,2015-07-27 20:11:50.798449+00,2015-07-27 20:11:50.798449+00,West Village,Manhattan,163
0101000020E61000007438956A048052C04F0A12021C5E4440,383,40.735238,1,-74.000271,Greenwich Ave & Charles St,39,false,In Service,Greenwich Ave & Charles St,35,1,null,,,2015-07-27 20:11:50.798449+00,2015-07-27 20:11:50.798449+00,West Village,Manhattan,165
0101000020E61000001E69F43A5A8052C0DF4AD123CB5E4440,404,40.740583,1,-74.005509,9 Ave & W 14 St,39,false,In Service,9 Ave & W 14 St,4,35,null,,,2015-07-27 20:11:50.798449+00,2015-07-27 20:11:50.798449+00,West Village,Manhattan,186
0101000020E61000002F1778FF848052C0B29D87DDA15E4440,405,40.739323,1,-74.008119,Washington St & Gansevoort St,40,false,In Service,Washington St & Gansevoort St,3,36,null,,,2015-07-27 20:11:50.798449+00,2015-07-27 20:11:50.798449+00,West Village,Manhattan,187
0101000020E61000003165ABFD3B7F52C08FF827E69F624440,422,40.770513,1,-73.988038,W 59 St & 10 Ave,51,false,In Service,W 59 St & 10 Ave,32,17,null,,,2015-07-27 20:11:50.798449+00,2015-07-27 20:11:50.798449+00,Upper West Side,Manhattan,203
0101000020E61000002CDC41BAD77E52C010A9D86673624440,499,40.769155,1,-73.981918,Broadway & W 60 St,36,false,In Service,Broadway & W 60 St,1,34,null,PBSC,,2015-07-27 20:11:50.798449+00,2015-07-27 20:11:50.798449+00,Upper West Side,Manhattan,275
0101000020E610000018408C46F97D52C01B0ADF6AA85A4440,282,40.708273,1,-73.968341,Kent Ave & S 11 St,27,false,In Service,Kent Ave & S 11 St,13,11,null,,,2015-07-27 20:11:50.798449+00,2015-07-27 20:11:50.798449+00,Williamsburg,Brooklyn,77
0101000020E6100000EEE98EA4C67D52C02C64DF9BEF5A4440,389,40.710446,1,-73.965251,Broadway & Berry St,27,false,In Service,Broadway & Berry St,4,22,null,,,2015-07-27 20:11:50.798449+00,2015-07-27 20:11:50.798449+00,Williamsburg,Brooklyn,171
0101000020E6100000FF2DF99EB37D52C0B76B5EDDB05A4440,443,40.708531,1,-73.96409,Bedford Ave & S 9th St,23,false,In Service,Bedford Ave & S 9th St,5,17,null,,,2015-07-27 20:11:50.798449+00,2015-07-27 20:11:50.798449+00,Williamsburg,Brooklyn,221
0101000020E6100000DB0F8B54D17D52C0032359B03E5B4440,460,40.712859,1,-73.965903,S 4 St & Wythe Ave,23,false,In Service,S 4 St & Wythe Ave,3,19,null,,,2015-07-27 20:11:50.798449+00,2015-07-27 20:11:50.798449+00,Williamsburg,Brooklyn,236
0101000020E6100000C40206283F7D52C056E19F003F5B4440,471,40.712868,1,-73.956981,Grand St & Havemeyer St,27,false,In Service,Grand St & Havemeyer St,15,12,null,,,2015-07-27 20:11:50.798449+00,2015-07-27 20:11:50.798449+00,Williamsburg,Brooklyn,247
0101000020E61000003A3BB0EF9B7D52C05AAD8E5D365B4440,481,40.712605,1,-73.962644,S 3 St & Bedford Ave,25,false,In Service,S 3 St & Bedford Ave,8,15,null,,,2015-07-27 20:11:50.798449+00,2015-07-27 20:11:50.798449+00,Williamsburg,Brooklyn,257
0101000020E6100000DB3809F87E7D52C01652ACC9EF5A4440,532,40.710451,1,-73.960876,S 5 Pl & S 4 St,10,false,In Service,S 5 Pl & S 4 St,6,2,null,,,2015-07-27 20:11:50.798449+00,2015-07-27 20:11:50.798449+00,Williamsburg,Brooklyn,306
0101000020E6100000DDDC5291747D52C0BD81C642905B4440,539,40.715348,1,-73.960241,Metropolitan Ave & Bedford Ave,31,false,In Service,Metropolitan Ave & Bedford Ave,10,19,null,,,2015-07-27 20:11:50.798449+00,2015-07-27 20:11:50.798449+00,Williamsburg,Brooklyn,312
0101000020E61000005C853403A57D52C0838BBEAEC25B4440,2002,40.716887,1,-73.963198,Wythe Ave & Metropolitan Ave,27,false,In Service,Wythe Ave & Metropolitan Ave,1,24,null,,,2015-07-27 20:11:50.798449+00,2015-07-27 20:11:50.798449+00,Williamsburg,Brooklyn,318
